Name,Research unit(s),URL
David Michael Bellos,French & Italian,https://collaborate.princeton.edu/en/persons/david-michael-bellos
Roland Jean-Marc Benabou,Princeton School of Public and International Affairs,https://collaborate.princeton.edu/en/persons/roland-jean-marc-benabou
Andre Benhaim,French & Italian,https://collaborate.princeton.edu/en/persons/andre-benhaim
Ruha Benjamin,African American Studies,https://collaborate.princeton.edu/en/persons/ruha-benjamin
Sandra Lekas Bermann,Comparative Literature,https://collaborate.princeton.edu/en/persons/sandra-lekas-bermann
Bogdan Andrei Bernevig,"Physics, Princeton Center for Theoretical Science",https://collaborate.princeton.edu/en/persons/bogdan-andrei-bernevig
Michael James Berry,Princeton Neuroscience Institute,https://collaborate.princeton.edu/en/persons/michael-james-berry
Erin Dayle Besler,,https://collaborate.princeton.edu/en/persons/erin-dayle-besler
Wallace DeNino Best,Religion,https://collaborate.princeton.edu/en/persons/wallace-denino-best
Manjul Bhargava,Mathematics,https://collaborate.princeton.edu/en/persons/manjul-bhargava
Ravindra N. Bhatt,"Electrical and Computer Engineering, Physics, Princeton Materials Institute",https://collaborate.princeton.edu/en/persons/ravindra-n-bhatt
Amitava Bhattacharjee,Astrophysical Sciences,https://collaborate.princeton.edu/en/persons/amitava-bhattacharjee
William Bialek,"Physics, Lewis-Sigler Institute for Integrative Genomics, Princeton Neuroscience Institute",https://collaborate.princeton.edu/en/persons/william-bialek
He Bian,History,https://collaborate.princeton.edu/en/persons/he-bian
Joao Biehl,,https://collaborate.princeton.edu/en/persons/joao-biehl
Joshua Henry Billings,Classics,https://collaborate.princeton.edu/en/persons/joshua-henry-billings
Michael Albert Blaakman,History,https://collaborate.princeton.edu/en/persons/michael-albert-blaakman
Christopher William Blair,Politics,https://collaborate.princeton.edu/en/persons/christopher-william-blair
Zachary Bleemer,Economics,https://collaborate.princeton.edu/en/persons/zachary-bleemer
Alan Stuart Blinder,"Economics, Bendheim Center for Finance, Princeton Materials Institute",https://collaborate.princeton.edu/en/persons/alan-stuart-blinder
Goran Magnus Blix,French & Italian,https://collaborate.princeton.edu/en/persons/goran-magnus-blix
Andrew Bruce Bocarsly,"Chemistry, High Meadows Environmental Institute, Princeton Materials Institute",https://collaborate.princeton.edu/en/persons/andrew-bruce-bocarsly
Carles Boix,Princeton School of Public and International Affairs,https://collaborate.princeton.edu/en/persons/carles-boix
Yarimar Bonilla,Effron Center Study of America,https://collaborate.princeton.edu/en/persons/yarimar-bonilla
Amy Beth Borovoy,East Asian Studies,https://collaborate.princeton.edu/en/persons/amy-beth-borovoy
Grace Bosse,Physics,https://collaborate.princeton.edu/en/persons/grace-bosse
Lisa M. Boulanger,"Princeton Neuroscience Institute, Molecular Biology",https://collaborate.princeton.edu/en/persons/lisa-m-boulanger
Emmanuel C. Bourbouhakis,Classics,https://collaborate.princeton.edu/en/persons/emmanuel-c-bourbouhakis
Ian Charles Bourg,Civil & Environmental Engineering,https://collaborate.princeton.edu/en/persons/ian-charles-bourg
Leah Platt Boustan,Economics,https://collaborate.princeton.edu/en/persons/leah-platt-boustan
Elie R. Bou-Zeid,"Civil & Environmental Engineering, High Meadows Environmental Institute, Mechanical & Aerospace Engineering, Princeton Materials Institute",https://collaborate.princeton.edu/en/persons/elie-r-bou-zeid
Jacob A. Boyer,Princeton Branch of the Ludwig Institute for Cancer Research,https://collaborate.princeton.edu/en/persons/jacob-a-boyer
M. Christine Boyer,,https://collaborate.princeton.edu/en/persons/m-christine-boyer
Benjamin Hofman Bradlow,Princeton School of Public and International Affairs,https://collaborate.princeton.edu/en/persons/benjamin-hofman-bradlow
Clifford Paul Brangwynne,"Chemical & Biological Engineering, Lewis-Sigler Institute for Integrative Genomics, Molecular Biology, Princeton Materials Institute",https://collaborate.princeton.edu/en/persons/clifford-paul-brangwynne
Mark Braverman,Computer Science,https://collaborate.princeton.edu/en/persons/mark-braverman
Monica Cecilia Bravo,Art and Archaeology,https://collaborate.princeton.edu/en/persons/monica-cecilia-bravo
Tyondai Adaien Braxton,Music,https://collaborate.princeton.edu/en/persons/tyondai-adaien-braxton
Christopher Greg Brinton,Electrical and Computer Engineering,https://collaborate.princeton.edu/en/persons/christopher-greg-brinton
Claudia Joan Brodsky,Comparative Literature,https://collaborate.princeton.edu/en/persons/claudia-joan-brodsky
Carlos D. Brody,Princeton Neuroscience Institute,https://collaborate.princeton.edu/en/persons/carlos-d-brody
John Francis Brooks,Molecular Biology,https://collaborate.princeton.edu/en/persons/john-francis-brooks
Marshall Bashant Brown,,https://collaborate.princeton.edu/en/persons/marshall-bashant-brown
Marina S. Brownlee,Spanish & Portuguese,https://collaborate.princeton.edu/en/persons/marina-s-brownlee
Pierre-Thomas Brun,"Chemical & Biological Engineering, Princeton Materials Institute",https://collaborate.princeton.edu/en/persons/pierre-thomas-brun
Markus Konrad Brunnermeier,"Economics, Bendheim Center for Finance, Princeton Entrepreneurship Council",https://collaborate.princeton.edu/en/persons/markus-konrad-brunnermeier
Smita Bhatnagar Brunnermeier,Economics,https://collaborate.princeton.edu/en/persons/smita-bhatnagar-brunnermeier
Mark Philip Brynildsen,"Chemical & Biological Engineering, Molecular Biology",https://collaborate.princeton.edu/en/persons/mark-philip-brynildsen
Lara Marie Buchak,Philosophy,https://collaborate.princeton.edu/en/persons/lara-marie-buchak
Nicholas Wyeth Buchholz,Economics,https://collaborate.princeton.edu/en/persons/nicholas-wyeth-buchholz
Dmitry Abanin,Physics,https://collaborate.princeton.edu/en/persons/dmitry-abanin
Mohamed S. Abou Donia,"Molecular Biology, Princeton Branch of the Ludwig Institute for Cancer Research",https://collaborate.princeton.edu/en/persons/mohamed-s-abou-donia
Parastoo Abtahi,Computer Science,https://collaborate.princeton.edu/en/persons/parastoo-abtahi
Ryan P. Adams,"Computer Science, Center for Statistics & Machine Learning",https://collaborate.princeton.edu/en/persons/ryan-p-adams
Brittany Adamson,"Molecular Biology, Lewis-Sigler Institute for Integrative Genomics",https://collaborate.princeton.edu/en/persons/britt-adamson
Arash Adel,,https://collaborate.princeton.edu/en/persons/arash-adel
Sigrid M. Adriaenssens,"Civil & Environmental Engineering, High Meadows Environmental Institute, Princeton Materials Institute",https://collaborate.princeton.edu/en/persons/sigrid-m-adriaenssens
Mark A. Aguiar,"Economics, Bendheim Center for Finance",https://collaborate.princeton.edu/en/persons/mark-a-aguiar
Amir Ali Ahmadi,"Operations Research & Financial Engineering, Center for Statistics & Machine Learning, Mechanical & Aerospace Engineering",https://collaborate.princeton.edu/en/persons/amir-ali-ahmadi
Byron T. Ahn,Council of the Humanities,https://collaborate.princeton.edu/en/persons/byron-t-ahn
Yacine Ait-Sahalia,"Economics, Bendheim Center for Finance, Center for Statistics & Machine Learning",https://collaborate.princeton.edu/en/persons/yacine-ait-sahalia
Michael Aizenman,"Physics, Mathematics",https://collaborate.princeton.edu/en/persons/michael-aizenman
Joshua Akey,Lewis-Sigler Institute for Integrative Genomics,https://collaborate.princeton.edu/en/persons/joshua-akey
Stanley T. Allen,,https://collaborate.princeton.edu/en/persons/stanley-t-allen
Christine Allen-Blanchette,Mechanical & Aerospace Engineering,https://collaborate.princeton.edu/en/persons/christine-allen-blanchette
April Alliston,Comparative Literature,https://collaborate.princeton.edu/en/persons/april-alliston
Noga Mordechai Alon,Mathematics,https://collaborate.princeton.edu/en/persons/noga-mordechai-alon
Bridget Alsdorf,Art and Archaeology,https://collaborate.princeton.edu/en/persons/bridget-alsdorf
Anthony E. Ambrosini,Princeton Neuroscience Institute,https://collaborate.princeton.edu/en/persons/anthony-e-ambrosini
Alexandra Amon,Astrophysical Sciences,https://collaborate.princeton.edu/en/persons/alexandra-amon
Maria Apostolaki,Electrical and Computer Engineering,https://collaborate.princeton.edu/en/persons/maria-apostolaki
Andrew Wilson Appel,"Computer Science, Center for Information Technology Policy",https://collaborate.princeton.edu/en/persons/andrew-wilson-appel
Elizabeth Mitchell Armstrong,Princeton School of Public and International Affairs,https://collaborate.princeton.edu/en/persons/elizabeth-mitchell-armstrong
Craig B. Arnold,"Mechanical & Aerospace Engineering, Andlinger Center for Energy & the Environment, Electrical and Computer Engineering, High Meadows Environmental Institute, Princeton Materials Institute",https://collaborate.princeton.edu/en/persons/craig-b-arnold
Sanjeev Arora,"Computer Science, Bendheim Center for Finance, Center for Statistics & Machine Learning",https://collaborate.princeton.edu/en/persons/sanjeev-arora
Nathan Todd Arrington,Art and Archaeology,https://collaborate.princeton.edu/en/persons/nathan-todd-arrington
Orley Clark Ashenfelter,Economics,https://collaborate.princeton.edu/en/persons/orley-clark-ashenfelter
Josh Atkinson,Civil & Environmental Engineering,https://collaborate.princeton.edu/en/persons/josh-atkinson
David I. August,"Computer Science, Electrical and Computer Engineering, Princeton Institute for Computational Science and Engineering",https://collaborate.princeton.edu/en/persons/david-i-august
Robert Hamilton Austin,"Physics, Princeton Materials Institute",https://collaborate.princeton.edu/en/persons/robert-hamilton-austin
Jose L. Avalos,Chemical & Biological Engineering,https://collaborate.princeton.edu/en/persons/jose-l-avalos
Julien F. Ayroles,Ecology & Evolutionary Biology,https://collaborate.princeton.edu/en/persons/julien-f-ayroles
Neta A. Bahcall,Astrophysical Sciences,https://collaborate.princeton.edu/en/persons/neta-a-bahcall
Gaspar Aron Bakos,Astrophysical Sciences,https://collaborate.princeton.edu/en/persons/gaspar-aron-bakos
Waseem S. Bakr,Physics,https://collaborate.princeton.edu/en/persons/waseem-s-bakr
David A. Baldwin,Princeton School of Public and International Affairs,https://collaborate.princeton.edu/en/persons/david-a-baldwin
Yelena Baraz,Classics,https://collaborate.princeton.edu/en/persons/yelena-baraz
Charlie Barber,Art and Archaeology,https://collaborate.princeton.edu/en/persons/charlie-barber
Edward George Baring,History,https://collaborate.princeton.edu/en/persons/edward-george-baring
Rhae Lynn Barnes,History,https://collaborate.princeton.edu/en/persons/rhae-lynn-barnes
Gary Jonathan Bass,Princeton School of Public and International Affairs,https://collaborate.princeton.edu/en/persons/gary-jonathan-bass
Bonnie Lynn Bassler,"Molecular Biology, Chemistry, High Meadows Environmental Institute",https://collaborate.princeton.edu/en/persons/bonnie-lynn-bassler
Leora Faye Batnitzky,Religion,https://collaborate.princeton.edu/en/persons/leora-faye-batnitzky
Basile Charles Baudez,Art and Archaeology,https://collaborate.princeton.edu/en/persons/basile-charles-baudez
Ryne Beeson,Mechanical & Aerospace Engineering,https://collaborate.princeton.edu/en/persons/ryne-beeson
Mark R. Beissinger,Politics,https://collaborate.princeton.edu/en/persons/mark-r-beissinger
Charles R. Beitz,Politics,https://collaborate.princeton.edu/en/persons/charles-r-beitz
Wendy Laura Belcher,Comparative Literature,https://collaborate.princeton.edu/en/persons/wendy-laura-belcher
Aisha M. Beliso-De Jesus,Effron Center Study of America,https://collaborate.princeton.edu/en/persons/aisha-m-beliso-de-jesus
David A. Bell,History,https://collaborate.princeton.edu/en/persons/david-a-bell
Matija Bucic,Mathematics,https://collaborate.princeton.edu/en/persons/matija-bucic
David Builes,Philosophy,https://collaborate.princeton.edu/en/persons/david-builes
Rebecca D. Burdine,Molecular Biology,https://collaborate.princeton.edu/en/persons/rebecca-d-burdine
John P. Burgess,Philosophy,https://collaborate.princeton.edu/en/persons/john-p-burgess
D. Graham Burnett,History,https://collaborate.princeton.edu/en/persons/d-graham-burnett
Adam S. Burrows,"Astrophysical Sciences, Princeton Institute for Computational Science and Engineering",https://collaborate.princeton.edu/en/persons/adam-s-burrows
Timothy J. Buschman,Psychology,https://collaborate.princeton.edu/en/persons/timothy-j-buschman
Eduardo Lujan Cadava,English,https://collaborate.princeton.edu/en/persons/eduardo-lujan-cadava
Sebastian Caldas,Computer Science,https://collaborate.princeton.edu/en/persons/sebastian-caldas
Curtis Gove Callan,"Physics, High Meadows Environmental Institute, Lewis-Sigler Institute for Integrative Genomics",https://collaborate.princeton.edu/en/persons/curtis-gove-callan
Charles M. Cameron,Princeton School of Public and International Affairs,https://collaborate.princeton.edu/en/persons/charles-m-cameron
Shane Cornell Campbell-Staton,"Ecology & Evolutionary Biology, Princeton Branch of the Ludwig Institute for Cancer Research",https://collaborate.princeton.edu/en/persons/shane-cornell-campbell-staton
Tina Marie Campt,Art and Archaeology,https://collaborate.princeton.edu/en/persons/tina-marie-campt
Margot Canaday,History,https://collaborate.princeton.edu/en/persons/margot-canaday
Vera Silvina Candiani,History,https://collaborate.princeton.edu/en/persons/vera-silvina-candiani
Roberto Car,"Chemistry, Physics, Princeton Institute for Computational Science and Engineering, Princeton Materials Institute",https://collaborate.princeton.edu/en/persons/roberto-car
Jannette Carey,"Chemistry, Molecular Biology, Princeton Materials Institute",https://collaborate.princeton.edu/en/persons/jannette-carey
Rebecca Michelle Carey,Psychology,https://collaborate.princeton.edu/en/persons/rebecca-michelle-carey
Rene A. Carmona,"Operations Research & Financial Engineering, Bendheim Center for Finance, High Meadows Environmental Institute, Mathematics, Princeton Institute for Computational Science and Engineering",https://collaborate.princeton.edu/en/persons/rene-a-carmona
Allison Carruth,Effron Center Study of America,https://collaborate.princeton.edu/en/persons/allison-carruth
Emily Ann Carter,Andlinger Center for Energy & the Environment,https://collaborate.princeton.edu/en/persons/emily-ann-carter
Natalia Castro Picon,Spanish & Portuguese,https://collaborate.princeton.edu/en/persons/natalia-castro-picon
Matias Damian Cattaneo,"Operations Research & Financial Engineering, Center for Statistics & Machine Learning",https://collaborate.princeton.edu/en/persons/matias-damian-cattaneo
Robert Joseph Cava,"Chemistry, Princeton Materials Institute",https://collaborate.princeton.edu/en/persons/robert-joseph-cava
Michael Anthony Celia,"Civil & Environmental Engineering, High Meadows Environmental Institute",https://collaborate.princeton.edu/en/persons/michael-anthony-celia
Miguel Angel Centeno,Sociology,https://collaborate.princeton.edu/en/persons/miguel-angel-centeno
Jay Cephas,,https://collaborate.princeton.edu/en/persons/jay-cephas
Mark Cerenzia,Operations Research & Financial Engineering,https://collaborate.princeton.edu/en/persons/mark-cerenzia
Rafael Cesar,Spanish & Portuguese,https://collaborate.princeton.edu/en/persons/rafael-cesar
Flora Champy,French & Italian,https://collaborate.princeton.edu/en/persons/flora-champy
Michelle M. W. Chan,Molecular Biology,https://collaborate.princeton.edu/en/persons/michelle-m-w-chan
Ellen Bell Chances,Slavic Lang & Literatures,https://collaborate.princeton.edu/en/persons/ellen-bell-chances
Michelle C. Chang,Chemistry,https://collaborate.princeton.edu/en/persons/michelle-c-chang
Sun-Yung Alice Chang,Mathematics,https://collaborate.princeton.edu/en/persons/sun-yung-alice-chang
Sarangan Lakshminarasimha Chari,Chemistry,https://collaborate.princeton.edu/en/persons/sarangan-lakshminarasimha-chari
Sylvain Chassang,Economics,https://collaborate.princeton.edu/en/persons/sylvain-chassang
Zahid Rafiq Chaudhary,English,https://collaborate.princeton.edu/en/persons/zahid-rafiq-chaudhary
Saptarshi Chaudhuri,Physics,https://collaborate.princeton.edu/en/persons/saptarshi-chaudhuri
Bernard Chazelle,"Computer Science, Mathematics",https://collaborate.princeton.edu/en/persons/bernard-chazelle
Danqi Chen,Computer Science,https://collaborate.princeton.edu/en/persons/danqi-chen
Janet Y. Chen,History,https://collaborate.princeton.edu/en/persons/janet-y-chen
Minjie Chen,"Electrical and Computer Engineering, Andlinger Center for Energy & the Environment",https://collaborate.princeton.edu/en/persons/minjie-chen
Anne Cheng,English,https://collaborate.princeton.edu/en/persons/anne-cheng
Katie Chenoweth,French & Italian,https://collaborate.princeton.edu/en/persons/katie-chenoweth
Divya Cherian,History,https://collaborate.princeton.edu/en/persons/divya-cherian
Lawrence W. Cheuk,Physics,https://collaborate.princeton.edu/en/persons/lawrence-w-cheuk
Caroline Cheung,Classics,https://collaborate.princeton.edu/en/persons/caroline-cheung
Andrew Chignell,Religion,https://collaborate.princeton.edu/en/persons/andrew-chignell
Paul J. Chirik,Chemistry,https://collaborate.princeton.edu/en/persons/paul-j-chirik
Ksenia Chizhova,East Asian Studies,https://collaborate.princeton.edu/en/persons/ksenia-chizhova
Carolyn Choi,Effron Center Study of America,https://collaborate.princeton.edu/en/persons/carolyn-choi
Stephen Y. Chou,"Electrical and Computer Engineering, Princeton Materials Institute",https://collaborate.princeton.edu/en/persons/stephen-y-chou
Edgar Yazid Choueiri,Mechanical & Aerospace Engineering,https://collaborate.princeton.edu/en/persons/edgar-yazid-choueiri
Heather Christie,Molecular Biology,https://collaborate.princeton.edu/en/persons/heather-christie
Maria Chudnovsky,Mathematics,https://collaborate.princeton.edu/en/persons/maria-chudnovsky
Steven Chung,East Asian Studies,https://collaborate.princeton.edu/en/persons/steven-chung
Christopher F. Chyba,"Princeton School of Public and International Affairs, Astrophysical Sciences",https://collaborate.princeton.edu/en/persons/christopher-f-chyba
Gabriel Maurice Alexander Citron,Religion,https://collaborate.princeton.edu/en/persons/gabriel-maurice-alexander-citron
Corey Clapp,Chemistry,https://collaborate.princeton.edu/en/persons/corey-clapp
Catherine Clune-Taylor,Gender & Sexuality Studies Pgm,https://collaborate.princeton.edu/en/persons/catherine-clune-taylor
Fernando Coda Marques,Mathematics,https://collaborate.princeton.edu/en/persons/fernando-coda-marques
Daniel Joseph Cohen,"Mechanical & Aerospace Engineering, Chemical & Biological Engineering, Molecular Biology, Princeton Branch of the Ludwig Institute for Cancer Research, Princeton Materials Institute",https://collaborate.princeton.edu/en/persons/daniel-joseph-cohen
Jonathan D. Cohen,"Psychology, Center for Statistics & Machine Learning, Princeton Institute for Computational Science and Engineering, Princeton Neuroscience Institute",https://collaborate.princeton.edu/en/persons/jonathan-d-cohen
Morrel H. Cohen,Chemistry,https://collaborate.princeton.edu/en/persons/morrel-h-cohen
Samuel A. Cohen,Astrophysical Sciences,https://collaborate.princeton.edu/en/persons/samuel-a-cohen
Andrew Cole,English,https://collaborate.princeton.edu/en/persons/andrew-cole
Linda Jane Colley,History,https://collaborate.princeton.edu/en/persons/linda-jane-colley
Lindsay Collins,Princeton Neuroscience Institute,https://collaborate.princeton.edu/en/persons/lindsay-collins
Beatriz Colomina,,https://collaborate.princeton.edu/en/persons/beatriz-colomina
Alin I. Coman,Psychology,https://collaborate.princeton.edu/en/persons/alin-i-coman
Benjamin Conisbee Baer,Comparative Literature,https://collaborate.princeton.edu/en/persons/benjamin-conisbee-baer
Thomas Donald Conlan,East Asian Studies,https://collaborate.princeton.edu/en/persons/thomas-donald-conlan
Dalton Conley,Sociology,https://collaborate.princeton.edu/en/persons/dalton-conley
Peter Constantin,"Mathematics, Princeton Institute for Computational Science and Engineering",https://collaborate.princeton.edu/en/persons/peter-constantin
Gregory Andrew Conti,Politics,https://collaborate.princeton.edu/en/persons/gregory-andrew-conti
Jonathan M. Conway,Chemical & Biological Engineering,https://collaborate.princeton.edu/en/persons/jonathan-m-conway
Michael Allan Cook,Near Eastern Studies,https://collaborate.princeton.edu/en/persons/michael-allan-cook
Joel Cooper,Psychology,https://collaborate.princeton.edu/en/persons/joel-cooper
Bradin T. Cormack,English,https://collaborate.princeton.edu/en/persons/bradin-t-cormack
Steven Charles Cowley,Astrophysical Sciences,https://collaborate.princeton.edu/en/persons/steven-charles-cowley
Natalie Cox,"Economics, Bendheim Center for Finance",https://collaborate.princeton.edu/en/persons/natalie-marie-bachas
Angela N. H. Creager,History,https://collaborate.princeton.edu/en/persons/angela-n-h-creager
Ileana M. Cristea,"Molecular Biology, Lewis-Sigler Institute for Integrative Genomics",https://collaborate.princeton.edu/en/persons/ileana-m-cristea
Molly J Crockett,Psychology,https://collaborate.princeton.edu/en/persons/molly-j-crockett
Janet Marion Currie,"Princeton School of Public and International Affairs, Economics",https://collaborate.princeton.edu/en/persons/janet-marion-currie
Mihalis Dafermos,"Mathematics, Physics",https://collaborate.princeton.edu/en/persons/mihalis-dafermos
Marcel Dall'Agnol,Computer Science,https://collaborate.princeton.edu/en/persons/marcel-dallagnol
Rafaela M. Dancygier,Princeton School of Public and International Affairs,https://collaborate.princeton.edu/en/persons/rafaela-m-dancygier
John David Danner,Keller Center for Innovation in Engineering Education,https://collaborate.princeton.edu/en/persons/john-david-danner
Anthar Saqer Darwish,Molecular Biology,https://collaborate.princeton.edu/en/persons/anthar-saqer-darwish
Sujit Sankar Datta,"Chemical & Biological Engineering, Princeton Materials Institute",https://collaborate.princeton.edu/en/persons/sujit-sankar-datta
Emily Catherine Davidson,Chemical & Biological Engineering,https://collaborate.princeton.edu/en/persons/emily-catherine-davidson
Elizabeth Anne Davis,,https://collaborate.princeton.edu/en/persons/elizabeth-anne-davis
Nathaniel Douglass Daw,Princeton Neuroscience Institute,https://collaborate.princeton.edu/en/persons/nathaniel-douglass-daw
Pablo Gaston Debenedetti,"Chemical & Biological Engineering, Princeton Materials Institute, High Meadows Environmental Institute, Princeton Institute for Computational Science and Engineering, School of Engineering & Applied Science",https://collaborate.princeton.edu/en/persons/pablo-gaston-debenedetti
Luc Deike,"Mechanical & Aerospace Engineering, Civil & Environmental Engineering, High Meadows Environmental Institute, Princeton Materials Institute",https://collaborate.princeton.edu/en/persons/luc-deike
Nathalie P. de Leon,Electrical and Computer Engineering,https://collaborate.princeton.edu/en/persons/nathalie-p-de-leon
Rachael Ziady DeLue,Art and Archaeology,https://collaborate.princeton.edu/en/persons/rachael-ziady-delue
Jia Deng,"Computer Science, Center for Statistics & Machine Learning",https://collaborate.princeton.edu/en/persons/jia-deng
Jie Deng,Geosciences,https://collaborate.princeton.edu/en/persons/jie-deng
Donnacha Matthew Dennehy,Music,https://collaborate.princeton.edu/en/persons/donnacha-matthew-dennehy
Ellora Derenoncourt,Economics,https://collaborate.princeton.edu/en/persons/ellora-derenoncourt
Matthew Desmond,Sociology,https://collaborate.princeton.edu/en/persons/matthew-desmond
Curtis A. Deutsch,Geosciences,https://collaborate.princeton.edu/en/persons/curtis-a-deutsch
Danelle Devenport,Molecular Biology,https://collaborate.princeton.edu/en/persons/danelle-devenport
Maria A. DiBattista,English,https://collaborate.princeton.edu/en/persons/maria-a-dibattista
Bradley Horatio Dickerson,Princeton Neuroscience Institute,https://collaborate.princeton.edu/en/persons/bradley-horatio-dickerson
Adji Bousso Dieng,Computer Science,https://collaborate.princeton.edu/en/persons/adji-bousso-dieng
Elizabeth Diller,,https://collaborate.princeton.edu/en/persons/elizabeth-diller
Jacob S. Dlamini,History,https://collaborate.princeton.edu/en/persons/jacob-s-dlamini
Andy P. Dobson,"Ecology & Evolutionary Biology, High Meadows Environmental Institute, Lewis-Sigler Institute for Integrative Genomics",https://collaborate.princeton.edu/en/persons/andy-p-dobson
Lynda G. Dodd,Princeton School of Public and International Affairs,https://collaborate.princeton.edu/en/persons/lynda-g-dodd
Arthur Dogariu,Mechanical & Aerospace Engineering,https://collaborate.princeton.edu/en/persons/arthur-dogariu
Brigid Doherty,German,https://collaborate.princeton.edu/en/persons/brigid-doherty
Jeff Dolven,English,https://collaborate.princeton.edu/en/persons/jeff-dolven
Marc Domingo Gygax,Classics,https://collaborate.princeton.edu/en/persons/marc-domingo-gygax
Robert M. Dondero,Computer Science,https://collaborate.princeton.edu/en/persons/robert-m-dondero
Bruce T. Draine,Astrophysical Sciences,https://collaborate.princeton.edu/en/persons/bruce-t-draine
Susana Draper,Comparative Literature,https://collaborate.princeton.edu/en/persons/susana-draper
Lidal Dror,Philosophy,https://collaborate.princeton.edu/en/persons/lidal-dror
Thomas S. Duffy,"Geosciences, Princeton Materials Institute",https://collaborate.princeton.edu/en/persons/thomas-s-duffy
Mitchell Duneier,Sociology,https://collaborate.princeton.edu/en/persons/mitchell-duneier
Jo Dunkley,"Physics, Astrophysical Sciences",https://collaborate.princeton.edu/en/persons/jo-dunkley
Pascaline Dupas,Princeton School of Public and International Affairs,https://collaborate.princeton.edu/en/persons/pascaline-dupas
Zeev Dvir,"Computer Science, Mathematics",https://collaborate.princeton.edu/en/persons/zeev-dvir
Yaacob Dweck,History,https://collaborate.princeton.edu/en/persons/yaacob-dweck
Kathryn Jo Edin,Princeton School of Public and International Affairs,https://collaborate.princeton.edu/en/persons/kathryn-jo-edin
Laura F. Edwards,History,https://collaborate.princeton.edu/en/persons/laura-f-edwards
S.E. Eisterer,,https://collaborate.princeton.edu/en/persons/se-eisterer
Adam Newman Elga,Philosophy,https://collaborate.princeton.edu/en/persons/adam-newman-elga
Elizabeth Ellis,History,https://collaborate.princeton.edu/en/persons/elizabeth-ellis
G. J. Peter Elmer,Physics,https://collaborate.princeton.edu/en/persons/g-j-peter-elmer
Julia Elyachar,,https://collaborate.princeton.edu/en/persons/julia-elyachar
Karen Renee Emmerich,Comparative Literature,https://collaborate.princeton.edu/en/persons/karen-renee-emmerich
Esteban A. Engel,Princeton Neuroscience Institute,https://collaborate.princeton.edu/en/persons/esteban-a-engel
Tatiana Engel,Princeton Neuroscience Institute,https://collaborate.princeton.edu/en/persons/tatiana-engel
Louis Esser,Mathematics,https://collaborate.princeton.edu/en/persons/louis-esser
Hannah Essien,Prnctn Inst Intl & Regnl Studs,https://collaborate.princeton.edu/en/persons/hannah-essien
Benjamin Eysenbach,Computer Science,https://collaborate.princeton.edu/en/persons/benjamin-eysenbach
Annegret Lea Falkner,Princeton Neuroscience Institute,https://collaborate.princeton.edu/en/persons/annegret-lea-falkner
Jianqing Fan,"Operations Research & Financial Engineering, Bendheim Center for Finance, Center for Statistics & Machine Learning, Economics",https://collaborate.princeton.edu/en/persons/jianqing-fan
Fauzia Farooqui,Prnctn Inst Intl & Regnl Studs,https://collaborate.princeton.edu/en/persons/fauzia-farooqui
Katie Farris,Lewis Center for the Arts,https://collaborate.princeton.edu/en/persons/katie-farris
Charles Louis Fefferman,Mathematics,https://collaborate.princeton.edu/en/persons/charles-louis-fefferman
Andrew Mark Feldherr,Classics,https://collaborate.princeton.edu/en/persons/andrew-mark-feldherr
Liane Marquis Feldman,Religion,https://collaborate.princeton.edu/en/persons/liane-marquis-feldman
Philip George Felton,Molecular Biology,https://collaborate.princeton.edu/en/persons/philip-george-felton
Jaime Fernandez Fisac,Electrical and Computer Engineering,https://collaborate.princeton.edu/en/persons/jaime-fernandez-fisac
Patricia Fernandez-Kelly,Sociology,https://collaborate.princeton.edu/en/persons/patricia-fernandez-kelly
Jonathan Michael Fickenscher,Mathematics,https://collaborate.princeton.edu/en/persons/jonathan-michael-fickenscher
Kai Alexander Filsinger,Princeton Materials Institute,https://collaborate.princeton.edu/en/persons/kai-alexander-filsinger
Adam Finkelstein,Computer Science,https://collaborate.princeton.edu/en/persons/adam-finkelstein
Nathaniel J. Fisch,"Astrophysical Sciences, Mechanical & Aerospace Engineering",https://collaborate.princeton.edu/en/persons/nathaniel-j-fisch
Robert S. Fish,Computer Science,https://collaborate.princeton.edu/en/persons/robert-s-fish
Jason W. Fleischer,"Electrical and Computer Engineering, Princeton Materials Institute",https://collaborate.princeton.edu/en/persons/jason-w-fleischer
Marc Fleurbaey,Princeton School of Public and International Affairs,https://collaborate.princeton.edu/en/persons/marc-fleurbaey
Harriet Isabel Flower,Classics,https://collaborate.princeton.edu/en/persons/harriet-isabel-flower
Michael A. Flower,Classics,https://collaborate.princeton.edu/en/persons/michael-a-flower
Ruth Catherine Fong,Computer Science,https://collaborate.princeton.edu/en/persons/ruth-catherine-fong
Devin A. Fore,German,https://collaborate.princeton.edu/en/persons/devin-a-fore
Hal Foster,Art and Archaeology,https://collaborate.princeton.edu/en/persons/hal-foster
Sonja Angelique Francis,Chemistry,https://collaborate.princeton.edu/en/persons/sonja-angelique-francis
Pietro Frassica,French & Italian,https://collaborate.princeton.edu/en/persons/pietro-frassica
Elena Fratto,Slavic Lang & Literatures,https://collaborate.princeton.edu/en/persons/elena-fratto
Michael Joseph Freedman,"Computer Science, Center for Information Technology Policy",https://collaborate.princeton.edu/en/persons/michael-joseph-freedman
Aaron Louis Friedberg,Princeton School of Public and International Affairs,https://collaborate.princeton.edu/en/persons/aaron-louis-friedberg
Paul Frymer,Politics,https://collaborate.princeton.edu/en/persons/paul-frymer
Tian-Ming Fu,Electrical and Computer Engineering,https://collaborate.princeton.edu/en/persons/tian-ming-fu
Stephan Andreas Fueglistaler,"Geosciences, Atmospheric & Oceanic Sciences, High Meadows Environmental Institute, Princeton Institute for Computational Science and Engineering",https://collaborate.princeton.edu/en/persons/stephan-andreas-fueglistaler
Agustin Fuentes,,https://collaborate.princeton.edu/en/persons/agustin-fuentes
Thomas Fujiwara,Economics,https://collaborate.princeton.edu/en/persons/thomas-fujiwara
Diana Jean Fuss,English,https://collaborate.princeton.edu/en/persons/diana-jean-fuss
David Gabai,Mathematics,https://collaborate.princeton.edu/en/persons/david-gabai
Cristiano Galbiati,Physics,https://collaborate.princeton.edu/en/persons/cristiano-galbiati
Ruben Gallo,Spanish & Portuguese,https://collaborate.princeton.edu/en/persons/ruben-gallo
Mario Isaac Gandelsonas,,https://collaborate.princeton.edu/en/persons/mario-isaac-gandelsonas
Daniel Garber,Philosophy,https://collaborate.princeton.edu/en/persons/daniel-garber
Lorgia Garcia Pena,Effron Center Study of America,https://collaborate.princeton.edu/en/persons/lorgia-garcia-pena
Filiz Garip,Sociology,https://collaborate.princeton.edu/en/persons/filiz-garip
Maria Eugenia Moreyra Garlock,"Civil & Environmental Engineering, High Meadows Environmental Institute",https://collaborate.princeton.edu/en/persons/maria-eugenia-moreyra-garlock
Sheldon Marc Garon,History,https://collaborate.princeton.edu/en/persons/sheldon-marc-garon
Hanna Garth,,https://collaborate.princeton.edu/en/persons/hanna-garth
Varun Gauri,Princeton School of Public and International Affairs,https://collaborate.princeton.edu/en/persons/varun-gauri
Elizabeth Rose Gavis,Molecular Biology,https://collaborate.princeton.edu/en/persons/elizabeth-rose-gavis
Tangli Ge,Mathematics,https://collaborate.princeton.edu/en/persons/tangli-ge
Sophie Graham Gee,English,https://collaborate.princeton.edu/en/persons/sophie-graham-gee
Jason Geller,Psychology,https://collaborate.princeton.edu/en/persons/jason-geller
Robert Peter George,Politics,https://collaborate.princeton.edu/en/persons/robert-peter-george
Jacob Geuder,,https://collaborate.princeton.edu/en/persons/jacob-geuder
Behrooz Ghamari-Tabrizi,Near Eastern Studies,https://collaborate.princeton.edu/en/persons/behrooz-ghamari-tabrizi
Yasaman Ghasempour,Electrical and Computer Engineering,https://collaborate.princeton.edu/en/persons/yasaman-ghasempour
Asif A. Ghazanfar,"Psychology, Princeton Neuroscience Institute",https://collaborate.princeton.edu/en/persons/asif-a-ghazanfar
German Sergio Gieczewski,Politics,https://collaborate.princeton.edu/en/persons/german-sergio-gieczewski
Thalia Gigerenzer,,https://collaborate.princeton.edu/en/persons/thalia-gigerenzer
Simon Eliud Gikandi,English,https://collaborate.princeton.edu/en/persons/simon-eliud-gikandi
Maia Ginsburg,Computer Science,https://collaborate.princeton.edu/en/persons/maia-ginsburg
Simone Giombi,Physics,https://collaborate.princeton.edu/en/persons/simone-giombi
Zemer Gitai,"Molecular Biology, High Meadows Environmental Institute, Lewis-Sigler Institute for Integrative Genomics, Princeton Branch of the Ludwig Institute for Cancer Research",https://collaborate.princeton.edu/en/persons/zemer-gitai
Alexander Glaser,"Princeton School of Public and International Affairs, Mechanical & Aerospace Engineering",https://collaborate.princeton.edu/en/persons/alexander-glaser
Eddie Steven Glaude,African American Studies,https://collaborate.princeton.edu/en/persons/eddie-steven-glaude
Yonatan Glazer-Eytan,History,https://collaborate.princeton.edu/en/persons/yonatan-glazer-eytan
William Albert Gleason,English,https://collaborate.princeton.edu/en/persons/william-albert-gleason
Branko Glisic,"Civil & Environmental Engineering, Keller Center for Innovation in Engineering Education, Princeton Materials Institute",https://collaborate.princeton.edu/en/persons/branko-glisic
Claire F. Gmachl,"Electrical and Computer Engineering, High Meadows Environmental Institute, Keller Center for Innovation in Engineering Education, Princeton Materials Institute",https://collaborate.princeton.edu/en/persons/claire-f-gmachl
Jonathan C. Gold,Religion,https://collaborate.princeton.edu/en/persons/jonathan-c-gold
Adele E. Goldberg,Psychology,https://collaborate.princeton.edu/en/persons/adele-e-goldberg
Noreen Goldman,Princeton School of Public and International Affairs,https://collaborate.princeton.edu/en/persons/noreen-goldman
Andrea Jo Goldsmith,"Electrical and Computer Engineering, School of Engineering & Applied Science",https://collaborate.princeton.edu/en/persons/andrea-jo-goldsmith
Adam Michael Goldstein,Princeton School of Public and International Affairs,https://collaborate.princeton.edu/en/persons/adam-michael-goldstein
Robert James Goldston,"Astrophysical Sciences, High Meadows Environmental Institute",https://collaborate.princeton.edu/en/persons/robert-james-goldston
Reena N. Goldthree,African American Studies,https://collaborate.princeton.edu/en/persons/reena-n-goldthree
Jesse Gomez,Princeton Neuroscience Institute,https://collaborate.princeton.edu/en/persons/jesse-gomez
John Jeremy Goodman,Astrophysical Sciences,https://collaborate.princeton.edu/en/persons/john-jeremy-goodman
Sarang Gopalakrishnan,Electrical and Computer Engineering,https://collaborate.princeton.edu/en/persons/sarang-gopalakrishnan
Michael D. Gordin,History,https://collaborate.princeton.edu/en/persons/michael-d-gordin
Elizabeth Gould,Princeton Neuroscience Institute,https://collaborate.princeton.edu/en/persons/elizabeth-gould
Tanushree Goyal,Princeton School of Public and International Affairs,https://collaborate.princeton.edu/en/persons/tanushree-goyal
Anthony Thomas Grafton,History,https://collaborate.princeton.edu/en/persons/anthony-thomas-grafton
Andrea Linn Graham,"Ecology & Evolutionary Biology, High Meadows Environmental Institute",https://collaborate.princeton.edu/en/persons/andrea-linn-graham
David Barry Graves,Chemical & Biological Engineering,https://collaborate.princeton.edu/en/persons/david-barry-graves
Michael Steven Graziano,"Psychology, Princeton Neuroscience Institute",https://collaborate.princeton.edu/en/persons/michael-steven-graziano
Barbara Graziosi,Classics,https://collaborate.princeton.edu/en/persons/barbara-graziosi
Jenny E. Greene,Astrophysical Sciences,https://collaborate.princeton.edu/en/persons/jenny-e-greene
Molly Greene,History,https://collaborate.princeton.edu/en/persons/molly-greene
Naima Green-Riley,Princeton School of Public and International Affairs,https://collaborate.princeton.edu/en/persons/naima-green-riley
Thomas Gregor,"Physics, Lewis-Sigler Institute for Integrative Genomics, Molecular Biology",https://collaborate.princeton.edu/en/persons/thomas-gregor
Eric Sean Gregory,Religion,https://collaborate.princeton.edu/en/persons/eric-sean-gregory
Bryan T. Grenfell,"Princeton School of Public and International Affairs, Ecology & Evolutionary Biology",https://collaborate.princeton.edu/en/persons/bryan-t-grenfell
Jonathan Marc Gribetz,Near Eastern Studies,https://collaborate.princeton.edu/en/persons/jonathan-marc-gribetz
Tom Griffiths,"Psychology, Center for Statistics & Machine Learning, Computer Science",https://collaborate.princeton.edu/en/persons/tom-griffiths
John Rockbridge Grigsby,Princeton School of Public and International Affairs,https://collaborate.princeton.edu/en/persons/john-rockbridge-grigsby
Gene Michael Grossman,Princeton School of Public and International Affairs,https://collaborate.princeton.edu/en/persons/gene-michael-grossman
John Taylor Groves,"Chemistry, High Meadows Environmental Institute, Princeton Materials Institute",https://collaborate.princeton.edu/en/persons/john-taylor-groves
Katja Guenther,History,https://collaborate.princeton.edu/en/persons/katja-guenther
Javier Enrique Guerrero,Spanish & Portuguese,https://collaborate.princeton.edu/en/persons/javier-enrique-guerrero
Michael Guerzhoy,Center for Statistics & Machine Learning,https://collaborate.princeton.edu/en/persons/michael-guerzhoy
Andy Guess,Princeton School of Public and International Affairs,https://collaborate.princeton.edu/en/persons/andy-guess
Joshua B. Guild,History,https://collaborate.princeton.edu/en/persons/joshua-b-guild
Faruk R. Gul,Economics,https://collaborate.princeton.edu/en/persons/faruk-r-gul
Saad Ahmad Gulzar,Princeton School of Public and International Affairs,https://collaborate.princeton.edu/en/persons/saad-ahmad-gulzar
Onur Gunay,,https://collaborate.princeton.edu/en/persons/onur-gunay
Aarti Gupta,Computer Science,https://collaborate.princeton.edu/en/persons/aarti-gupta
Mikko Petteri Haataja,"Mechanical & Aerospace Engineering, Princeton Materials Institute",https://collaborate.princeton.edu/en/persons/mikko-petteri-haataja
Jurgen Hackl,Civil & Environmental Engineering,https://collaborate.princeton.edu/en/persons/jurgen-hackl
Frederick D. Haldane,"Physics, Princeton Center for Theoretical Science, Princeton Materials Institute",https://collaborate.princeton.edu/en/persons/frederick-d-haldane
Hans P. Halvorson,Philosophy,https://collaborate.princeton.edu/en/persons/hans-p-halvorson
Judith Hamera,Lewis Center for the Arts,https://collaborate.princeton.edu/en/persons/judith-hamera
Tod G. Hamilton,Sociology,https://collaborate.princeton.edu/en/persons/tod-g-hamilton
Sharon Hammes-Schiffer,Chemistry,https://collaborate.princeton.edu/en/persons/sharon-hammes-schiffer
Boris Hanin,Operations Research & Financial Engineering,https://collaborate.princeton.edu/en/persons/boris-hanin
M. Sukru Hanioglu,Near Eastern Studies,https://collaborate.princeton.edu/en/persons/m-sukru-hanioglu
Jonathan Hanselman,Mathematics,https://collaborate.princeton.edu/en/persons/jonathan-hanselman
Lara Harb,Near Eastern Studies,https://collaborate.princeton.edu/en/persons/lara-harb
Thomas William Hare,Comparative Literature,https://collaborate.princeton.edu/en/persons/thomas-william-hare
Elizabeth Harman,Philosophy,https://collaborate.princeton.edu/en/persons/elizabeth-harman
M. Zahid Hasan,"Physics, Keller Center for Innovation in Engineering Education, Princeton Materials Institute",https://collaborate.princeton.edu/en/persons/m-zahid-hasan
Uri Hasson,"Psychology, Princeton Neuroscience Institute",https://collaborate.princeton.edu/en/persons/uri-hasson
Kelsey Bridget Hatzell,Mechanical & Aerospace Engineering,https://collaborate.princeton.edu/en/persons/kelsey-bridget-hatzell
Johannes Haubold,Classics,https://collaborate.princeton.edu/en/persons/johannes-haubold
Bernard A. Haykel,Near Eastern Studies,https://collaborate.princeton.edu/en/persons/bernard-a-haykel
Elad Hazan,"Computer Science, Center for Statistics & Machine Learning",https://collaborate.princeton.edu/en/persons/elad-hazan
Lili He,Mathematics,https://collaborate.princeton.edu/en/persons/lili-he
Michael H. Hecht,"Chemistry, Molecular Biology",https://collaborate.princeton.edu/en/persons/michael-h-hecht
Lars O. Hedin,"Ecology & Evolutionary Biology, Civil & Environmental Engineering, High Meadows Environmental Institute",https://collaborate.princeton.edu/en/persons/lars-o-hedin
Felix Heide,Computer Science,https://collaborate.princeton.edu/en/persons/felix-heide
Shahram Hejazi,Keller Center for Innovation in Engineering Education,https://collaborate.princeton.edu/en/persons/shahram-hejazi
Isaac M. Held,Atmospheric & Oceanic Sciences,https://collaborate.princeton.edu/en/persons/isaac-m-held
Wendy Heller,Music,https://collaborate.princeton.edu/en/persons/wendy-heller
Daniel Heller-Roazen,Comparative Literature,https://collaborate.princeton.edu/en/persons/daniel-heller-roazen
Grace Elizabeth Helton,Philosophy,https://collaborate.princeton.edu/en/persons/grace-elizabeth-helton
Aleksandar Hemon,Lewis Center for the Arts,https://collaborate.princeton.edu/en/persons/aleksandar-hemon
Peter Henderson,Computer Science,https://collaborate.princeton.edu/en/persons/peter-henderson
Arun Hendi,Princeton School of Public and International Affairs,https://collaborate.princeton.edu/en/persons/arun-hendi
Brian Eugenio Herrera,Lewis Center for the Arts,https://collaborate.princeton.edu/en/persons/brian-eugenio-herrera
John Andrew Higgins,"Geosciences, High Meadows Environmental Institute",https://collaborate.princeton.edu/en/persons/john-andrew-higgins
Kate Ho,Economics,https://collaborate.princeton.edu/en/persons/kate-ho
Desmond P. Hogan,Philosophy,https://collaborate.princeton.edu/en/persons/desmond-p-hogan
Brooke A. Holmes,Classics,https://collaborate.princeton.edu/en/persons/brooke-a-holmes
Samuel Holzman,Art and Archaeology,https://collaborate.princeton.edu/en/persons/samuel-holzman
Bo E. Honore,"Economics, Center for Statistics & Machine Learning",https://collaborate.princeton.edu/en/persons/bo-e-honore
Andrew Addison Houck,"Electrical and Computer Engineering, Keller Center for Innovation in Engineering Education, Princeton Center for Theoretical Science, Princeton Materials Institute",https://collaborate.princeton.edu/en/persons/andrew-addison-houck
Tatiana Katarzyna Howard,Mathematics,https://collaborate.princeton.edu/en/persons/tatiana-katarzyna-howard
Allan Hsiao,Princeton School of Public and International Affairs,https://collaborate.princeton.edu/en/persons/allan-hsiao
Daisy Yan Huang,Center for Statistics & Machine Learning,https://collaborate.princeton.edu/en/persons/daisy-yan-huang
Emma Hubert,Operations Research & Financial Engineering,https://collaborate.princeton.edu/en/persons/emma-hubert
Monica Huerta,English,https://collaborate.princeton.edu/en/persons/monica-huerta
Frederick McLaury Hughson,"Molecular Biology, Chemistry",https://collaborate.princeton.edu/en/persons/frederick-mclaury-hughson
June E Huh,Mathematics,https://collaborate.princeton.edu/en/persons/june-e-huh
Marcus Nils Hultmark,"Mechanical & Aerospace Engineering, Civil & Environmental Engineering, High Meadows Environmental Institute, Princeton Materials Institute",https://collaborate.princeton.edu/en/persons/marcus-nils-hultmark
Tera W. Hunter,History,https://collaborate.princeton.edu/en/persons/tera-w-hunter
David A. Huse,"Physics, Princeton Materials Institute",https://collaborate.princeton.edu/en/persons/david-a-huse
Todd Kurt Hyster,Chemistry,https://collaborate.princeton.edu/en/persons/todd-kurt-hyster
Matias Iaryczower,Politics,https://collaborate.princeton.edu/en/persons/matias-iaryczower
Caio Ibsen Rodrigues de Almeida,Economics,https://collaborate.princeton.edu/en/persons/caio-ibsen-rodrigues-de-almeida
G. John Ikenberry,Princeton School of Public and International Affairs,https://collaborate.princeton.edu/en/persons/g-john-ikenberry
Alexandru D. Ionescu,Mathematics,https://collaborate.princeton.edu/en/persons/alexandru-d-ionescu
Razia Iqbal,Princeton School of Public and International Affairs,https://collaborate.princeton.edu/en/persons/razia-iqbal
Alison Ellen Isenberg,History,https://collaborate.princeton.edu/en/persons/alison-ellen-isenberg
William M. Jacobs,Chemistry,https://collaborate.princeton.edu/en/persons/william-m-jacobs
Gregory B. Jaczko,Princeton School of Public and International Affairs,https://collaborate.princeton.edu/en/persons/gregory-b-jaczko
Peter R. Jaffe,"Civil & Environmental Engineering, Andlinger Center for Energy & the Environment, High Meadows Environmental Institute, Princeton Materials Institute",https://collaborate.princeton.edu/en/persons/peter-r-jaffe
Harold James,History,https://collaborate.princeton.edu/en/persons/harold-james
Kyle Andrew Jamieson,Computer Science,https://collaborate.princeton.edu/en/persons/kyle-andrew-jamieson
Seema Jayachandran,Princeton School of Public and International Affairs,https://collaborate.princeton.edu/en/persons/seema-jayachandran
Jesse D. Jenkins,"Mechanical & Aerospace Engineering, Andlinger Center for Energy & the Environment",https://collaborate.princeton.edu/en/persons/jesse-d-jenkins
Jennifer L. Jennings,Princeton School of Public and International Affairs,https://collaborate.princeton.edu/en/persons/jennifer-l-jennings
Niraj Kumar Jha,Electrical and Computer Engineering,https://collaborate.princeton.edu/en/persons/niraj-kumar-jha
Hantao Ji,Astrophysical Sciences,https://collaborate.princeton.edu/en/persons/hantao-ji
John Jimah,Molecular Biology,https://collaborate.princeton.edu/en/persons/john-jimah
Chi Jin,Electrical and Computer Engineering,https://collaborate.princeton.edu/en/persons/chi-jin
Nathalie Joachim,Music,https://collaborate.princeton.edu/en/persons/nathalie-joachim
Claudia L. Johnson,English,https://collaborate.princeton.edu/en/persons/claudia-l-johnson
Mark Johnston,Philosophy,https://collaborate.princeton.edu/en/persons/mark-johnston
Matthew Laurence Jones,History,https://collaborate.princeton.edu/en/persons/matthew-laurence-jones
William Claude Jones,Physics,https://collaborate.princeton.edu/en/persons/william-claude-jones
Martin C. Jonikas,Molecular Biology,https://collaborate.princeton.edu/en/persons/martin-c-jonikas
William Chester Jordan,History,https://collaborate.princeton.edu/en/persons/william-chester-jordan
Jerelle Aurelia Joseph,Chemical & Biological Engineering,https://collaborate.princeton.edu/en/persons/jerelle-aurelia-joseph
Yiguang Ju,"Mechanical & Aerospace Engineering, High Meadows Environmental Institute",https://collaborate.princeton.edu/en/persons/yiguang-ju
Gleason Judd,Politics,https://collaborate.princeton.edu/en/persons/gleason-judd
Justin Anthony Junge,Psychology,https://collaborate.princeton.edu/en/persons/justin-anthony-junge
Antoine Kahn,"Electrical and Computer Engineering, Princeton Institute for Computational Science and Engineering, Princeton Materials Institute, School of Engineering & Applied Science",https://collaborate.princeton.edu/en/persons/antoine-kahn
Laura Kalin,Council of the Humanities,https://collaborate.princeton.edu/en/persons/laura-kalin
Ilya Kaminsky,Lewis Center for the Arts,https://collaborate.princeton.edu/en/persons/ilya-kaminsky
Yibin Kang,"Molecular Biology, Princeton Branch of the Ludwig Institute for Cancer Research",https://collaborate.princeton.edu/en/persons/yibin-kang
Alan Kaplan,Computer Science,https://collaborate.princeton.edu/en/persons/alan-kaplan
Adam Kapor,Princeton School of Public and International Affairs,https://collaborate.princeton.edu/en/persons/adam-kapor
Matthew Jason Karp,History,https://collaborate.princeton.edu/en/persons/matthew-jason-karp
John Kastellec,Politics,https://collaborate.princeton.edu/en/persons/john-kastellec
Jakub Kastl,"Economics, Bendheim Center for Finance",https://collaborate.princeton.edu/en/persons/jakub-kastl
Sabine Kastner,"Psychology, Princeton Neuroscience Institute",https://collaborate.princeton.edu/en/persons/sabine-kastner
Nicholas Michael Katz,Mathematics,https://collaborate.princeton.edu/en/persons/nicholas-michael-katz
Stanley Nider Katz,Princeton School of Public and International Affairs,https://collaborate.princeton.edu/en/persons/stanley-nider-katz
Thomas DaCosta Kaufmann,Art and Archaeology,https://collaborate.princeton.edu/en/persons/thomas-dacosta-kaufmann
Casey Lynn Kelleher,Mathematics,https://collaborate.princeton.edu/en/persons/casey-lynn-kelleher
Michael T. Kelly,Chemistry,https://collaborate.princeton.edu/en/persons/michael-t-kelly
Peter Kelly,Classics,https://collaborate.princeton.edu/en/persons/peter-kelly
Thomas P. Kelly,Philosophy,https://collaborate.princeton.edu/en/persons/thomas-p-kelly
Martin Kern,East Asian Studies,https://collaborate.princeton.edu/en/persons/martin-kern
Brian W. Kernighan,"Computer Science, Center for Information Technology Policy",https://collaborate.princeton.edu/en/persons/brian-w-kernighan
Anna Arabindan Kesson,Art and Archaeology,https://collaborate.princeton.edu/en/persons/anna-arabindan-kesson
Paize Keulemans,East Asian Studies,https://collaborate.princeton.edu/en/persons/paize-keulemans
Shamus Rahman Khan,Sociology,https://collaborate.princeton.edu/en/persons/shamus-rahman-khan
Zachary Kincaid,Computer Science,https://collaborate.princeton.edu/en/persons/zachary-kincaid
Ryan Scott Kingsbury,Civil & Environmental Engineering,https://collaborate.princeton.edu/en/persons/ryan-scott-kingsbury
Patricia A. Kirkland,Princeton School of Public and International Affairs,https://collaborate.princeton.edu/en/persons/patricia-a-kirkland
Beatrice Ellen Kitzinger,Art and Archaeology,https://collaborate.princeton.edu/en/persons/beatrice-ellen-kitzinger
Nobuhiro Kiyotaki,"Economics, Bendheim Center for Finance",https://collaborate.princeton.edu/en/persons/nobuhiro-kiyotaki
Sergiu Klainerman,Mathematics,https://collaborate.princeton.edu/en/persons/sergiu-klainerman
Igor R. Klebanov,"Physics, Princeton Center for Theoretical Science",https://collaborate.princeton.edu/en/persons/igor-r-klebanov
Ralph Elliot Kleiner,"Chemistry, Molecular Biology",https://collaborate.princeton.edu/en/persons/ralph-elliot-kleiner
Henrik Jacobsen Kleven,Princeton School of Public and International Affairs,https://collaborate.princeton.edu/en/persons/henrik-jacobsen-kleven
Jason Matthew Klusowski,Operations Research & Financial Engineering,https://collaborate.princeton.edu/en/persons/jason-matthew-klusowski
Boris C. Kment,Philosophy,https://collaborate.princeton.edu/en/persons/boris-c-kment
Robert Randolph Knowles,"Chemistry, Keller Center for Innovation in Engineering Education",https://collaborate.princeton.edu/en/persons/robert-randolph-knowles
Sarah D. Kocher,Ecology & Evolutionary Biology,https://collaborate.princeton.edu/en/persons/sarah-d-kocher
Bruce E. Koel,"Chemical & Biological Engineering, Chemistry, High Meadows Environmental Institute, Mechanical & Aerospace Engineering, Princeton Materials Institute",https://collaborate.princeton.edu/en/persons/bruce-e-koel
Atul Kohli,Princeton School of Public and International Affairs,https://collaborate.princeton.edu/en/persons/atul-kohli
Gillat Kol,Computer Science,https://collaborate.princeton.edu/en/persons/gillat-kol
Egemen Kolemen,"Mechanical & Aerospace Engineering, Andlinger Center for Energy & the Environment",https://collaborate.princeton.edu/en/persons/egemen-kolemen
Michal Kolesar,Economics,https://collaborate.princeton.edu/en/persons/michal-kolesar
Janos Kollar,Mathematics,https://collaborate.princeton.edu/en/persons/janos-kollar
Michael Koortbojian,Art and Archaeology,https://collaborate.princeton.edu/en/persons/michael-koortbojian
Yedidah Koren,Religion,https://collaborate.princeton.edu/en/persons/yedidah-koren
Alexei V. Korennykh,Molecular Biology,https://collaborate.princeton.edu/en/persons/alexei-v-korennykh
Alain Lucien Kornhauser,Operations Research & Financial Engineering,https://collaborate.princeton.edu/en/persons/alain-lucien-kornhauser
Aleksandra Korolova,Princeton School of Public and International Affairs,https://collaborate.princeton.edu/en/persons/aleksandra-korolova
Andrej Kosmrlj,"Mechanical & Aerospace Engineering, Princeton Materials Institute",https://collaborate.princeton.edu/en/persons/andrej-kosmrlj
Pravesh Kumar Kothari,Computer Science,https://collaborate.princeton.edu/en/persons/pravesh-kumar-kothari
Joshua Isaac Kotin,English,https://collaborate.princeton.edu/en/persons/joshua-isaac-kotin
Mirjam Engert Kotwick,Classics,https://collaborate.princeton.edu/en/persons/mirjam-engert-kotwick
Dmitry Krachun,Mathematics,https://collaborate.princeton.edu/en/persons/dmitry-krachun
Eve Krakowski,Near Eastern Studies,https://collaborate.princeton.edu/en/persons/eve-krakowski
Emmanuel H. P. M. Kreike,History,https://collaborate.princeton.edu/en/persons/emmanuel-h-p-m-kreike
Fenna Krienen,Princeton Neuroscience Institute,https://collaborate.princeton.edu/en/persons/fenna-krienen
Kevin Michael Kruse,History,https://collaborate.princeton.edu/en/persons/kevin-michael-kruse
Christopher Brian Kuenne,Keller Center for Innovation in Engineering Education,https://collaborate.princeton.edu/en/persons/christopher-brian-kuenne
Sanjeev Ramesh Kulkarni,"Electrical and Computer Engineering, Operations Research & Financial Engineering, Center for Information Technology Policy",https://collaborate.princeton.edu/en/persons/sanjeev-ramesh-kulkarni
Sun-Yuan Kung,"Electrical and Computer Engineering, Center for Statistics & Machine Learning",https://collaborate.princeton.edu/en/persons/sun-yuan-kung
Alice Kunin,Chemistry,https://collaborate.princeton.edu/en/persons/alice-kunin
Matthew Walter Kunz,"Astrophysical Sciences, Princeton Institute for Computational Science and Engineering",https://collaborate.princeton.edu/en/persons/matthew-walter-kunz
Daniel C. Kurtzer,Princeton School of Public and International Affairs,https://collaborate.princeton.edu/en/persons/daniel-c-kurtzer
Ilyana Kuziemko,Economics,https://collaborate.princeton.edu/en/persons/ilyana-kuziemko
German Labrador Mendez,Spanish & Portuguese,https://collaborate.princeton.edu/en/persons/german-labrador-mendez
Michael F. Laffan,History,https://collaborate.princeton.edu/en/persons/michael-f-laffan
Joel Benjamin Lande,German,https://collaborate.princeton.edu/en/persons/joel-benjamin-lande
Melissa Lane,Politics,https://collaborate.princeton.edu/en/persons/melissa-lane
David Lange,Physics,https://collaborate.princeton.edu/en/persons/david-lange
Eric David Larson,Chemical & Biological Engineering,https://collaborate.princeton.edu/en/persons/eric-david-larson
Satyel Larson,Near Eastern Studies,https://collaborate.princeton.edu/en/persons/satyel-larson
Ngar-Cheung Lau,Atmospheric & Oceanic Sciences,https://collaborate.princeton.edu/en/persons/ngar-cheung-lau
Sylvia Lavin,,https://collaborate.princeton.edu/en/persons/sylvia-lavin
Chung King Law,"Mechanical & Aerospace Engineering, High Meadows Environmental Institute, Princeton Materials Institute",https://collaborate.princeton.edu/en/persons/chung-king-law
Deana Lawson,Lewis Center for the Arts,https://collaborate.princeton.edu/en/persons/deana-lawson
Rena S. Lederman,,https://collaborate.princeton.edu/en/persons/rena-s-lederman
Christina H. Lee,Spanish & Portuguese,https://collaborate.princeton.edu/en/persons/christina-h-lee
David S. Lee,"Princeton School of Public and International Affairs, Economics",https://collaborate.princeton.edu/en/persons/david-s-lee-2
Frances Elida Lee,Princeton School of Public and International Affairs,https://collaborate.princeton.edu/en/persons/frances-elida-lee
Jason Dean Lee,"Electrical and Computer Engineering, Center for Statistics & Machine Learning",https://collaborate.princeton.edu/en/persons/jason-dean-lee
Andrew Michael Leifer,Physics,https://collaborate.princeton.edu/en/persons/andrew-michael-leifer
