Name,Research unit(s),URL,Research
David Michael Bellos,French & Italian,https://collaborate.princeton.edu/en/persons/david-michael-bellos,French Italian
Roland Jean-Marc Benabou,Princeton School of Public and International Affairs,https://collaborate.princeton.edu/en/persons/roland-jean-marc-benabou,Princeton School of Public and International Affairs
Andre Benhaim,French & Italian,https://collaborate.princeton.edu/en/persons/andre-benhaim,French Italian
Ruha Benjamin,African American Studies,https://collaborate.princeton.edu/en/persons/ruha-benjamin,African American Studies
Sandra Lekas Bermann,Comparative Literature,https://collaborate.princeton.edu/en/persons/sandra-lekas-bermann,Comparative Literature
Bogdan Andrei Bernevig,"Physics, Princeton Center for Theoretical Science",https://collaborate.princeton.edu/en/persons/bogdan-andrei-bernevig,"Physics, Princeton Center Theoretical Science"
Michael James Berry,Princeton Neuroscience Institute,https://collaborate.princeton.edu/en/persons/michael-james-berry,Princeton Neuroscience Institute
Wallace DeNino Best,Religion,https://collaborate.princeton.edu/en/persons/wallace-denino-best,Religion
Manjul Bhargava,Mathematics,https://collaborate.princeton.edu/en/persons/manjul-bhargava,Mathematics
Ravindra N. Bhatt,"Electrical and Computer Engineering, Physics, Princeton Materials Institute",https://collaborate.princeton.edu/en/persons/ravindra-n-bhatt,"Electrical and Computer Engineering, Physics, Princeton Materials Institute"
Amitava Bhattacharjee,Astrophysical Sciences,https://collaborate.princeton.edu/en/persons/amitava-bhattacharjee,Astrophysical Sciences
William Bialek,"Physics, Lewis-Sigler Institute for Integrative Genomics, Princeton Neuroscience Institute",https://collaborate.princeton.edu/en/persons/william-bialek,"Physics, Lewis-Sigler Institute Integrative Genomics, Princeton Neuroscience Institute"
He Bian,History,https://collaborate.princeton.edu/en/persons/he-bian,History
Joshua Henry Billings,Classics,https://collaborate.princeton.edu/en/persons/joshua-henry-billings,Classics
Michael Albert Blaakman,History,https://collaborate.princeton.edu/en/persons/michael-albert-blaakman,History
Christopher William Blair,Politics,https://collaborate.princeton.edu/en/persons/christopher-william-blair,Politics
Zachary Bleemer,Economics,https://collaborate.princeton.edu/en/persons/zachary-bleemer,Economics
Alan Stuart Blinder,"Economics, Bendheim Center for Finance, Princeton Materials Institute",https://collaborate.princeton.edu/en/persons/alan-stuart-blinder,"Economics, Bendheim Center Finance, Princeton Materials Institute"
Goran Magnus Blix,French & Italian,https://collaborate.princeton.edu/en/persons/goran-magnus-blix,French Italian
Andrew Bruce Bocarsly,"Chemistry, High Meadows Environmental Institute, Princeton Materials Institute",https://collaborate.princeton.edu/en/persons/andrew-bruce-bocarsly,"Chemistry, High Meadows Environmental Institute, Princeton Materials Institute"
Carles Boix,Princeton School of Public and International Affairs,https://collaborate.princeton.edu/en/persons/carles-boix,Princeton School of Public and International Affairs
Yarimar Bonilla,Effron Center Study of America,https://collaborate.princeton.edu/en/persons/yarimar-bonilla,Effron Center Study of America
Amy Beth Borovoy,East Asian Studies,https://collaborate.princeton.edu/en/persons/amy-beth-borovoy,East Asian Studies
Grace Bosse,Physics,https://collaborate.princeton.edu/en/persons/grace-bosse,Physics
Lisa M. Boulanger,"Princeton Neuroscience Institute, Molecular Biology",https://collaborate.princeton.edu/en/persons/lisa-m-boulanger,"Princeton Neuroscience Institute, Molecular Biology"
Emmanuel C. Bourbouhakis,Classics,https://collaborate.princeton.edu/en/persons/emmanuel-c-bourbouhakis,Classics
Ian Charles Bourg,Civil & Environmental Engineering,https://collaborate.princeton.edu/en/persons/ian-charles-bourg,Civil Environmental Engineering
Leah Platt Boustan,Economics,https://collaborate.princeton.edu/en/persons/leah-platt-boustan,Economics
Elie R. Bou-Zeid,"Civil & Environmental Engineering, High Meadows Environmental Institute, Mechanical & Aerospace Engineering, Princeton Materials Institute",https://collaborate.princeton.edu/en/persons/elie-r-bou-zeid,"Civil Environmental Engineering, High Meadows Environmental Institute, Mechanical Aerospace Engineering, Princeton Materials Institute"
Jacob A. Boyer,Princeton Branch of the Ludwig Institute for Cancer Research,https://collaborate.princeton.edu/en/persons/jacob-a-boyer,Princeton Branch of Ludwig Institute Cancer Research
Benjamin Hofman Bradlow,Princeton School of Public and International Affairs,https://collaborate.princeton.edu/en/persons/benjamin-hofman-bradlow,Princeton School of Public and International Affairs
Clifford Paul Brangwynne,"Chemical & Biological Engineering, Lewis-Sigler Institute for Integrative Genomics, Molecular Biology, Princeton Materials Institute",https://collaborate.princeton.edu/en/persons/clifford-paul-brangwynne,"Chemical Biological Engineering, Lewis-Sigler Institute Integrative Genomics, Molecular Biology, Princeton Materials Institute"
Mark Braverman,Computer Science,https://collaborate.princeton.edu/en/persons/mark-braverman,Computer Science
Monica Cecilia Bravo,Art and Archaeology,https://collaborate.princeton.edu/en/persons/monica-cecilia-bravo,Art and Archaeology
Tyondai Adaien Braxton,Music,https://collaborate.princeton.edu/en/persons/tyondai-adaien-braxton,Music
Christopher Greg Brinton,Electrical and Computer Engineering,https://collaborate.princeton.edu/en/persons/christopher-greg-brinton,Electrical and Computer Engineering
Claudia Joan Brodsky,Comparative Literature,https://collaborate.princeton.edu/en/persons/claudia-joan-brodsky,Comparative Literature
Carlos D. Brody,Princeton Neuroscience Institute,https://collaborate.princeton.edu/en/persons/carlos-d-brody,Princeton Neuroscience Institute
John Francis Brooks,Molecular Biology,https://collaborate.princeton.edu/en/persons/john-francis-brooks,Molecular Biology
Marina S. Brownlee,Spanish & Portuguese,https://collaborate.princeton.edu/en/persons/marina-s-brownlee,Spanish Portuguese
Pierre-Thomas Brun,"Chemical & Biological Engineering, Princeton Materials Institute",https://collaborate.princeton.edu/en/persons/pierre-thomas-brun,"Chemical Biological Engineering, Princeton Materials Institute"
Markus Konrad Brunnermeier,"Economics, Bendheim Center for Finance, Princeton Entrepreneurship Council",https://collaborate.princeton.edu/en/persons/markus-konrad-brunnermeier,"Economics, Bendheim Center Finance, Princeton Entrepreneurship Council"
Smita Bhatnagar Brunnermeier,Economics,https://collaborate.princeton.edu/en/persons/smita-bhatnagar-brunnermeier,Economics
Mark Philip Brynildsen,"Chemical & Biological Engineering, Molecular Biology",https://collaborate.princeton.edu/en/persons/mark-philip-brynildsen,"Chemical Biological Engineering, Molecular Biology"
Lara Marie Buchak,Philosophy,https://collaborate.princeton.edu/en/persons/lara-marie-buchak,Philosophy
Nicholas Wyeth Buchholz,Economics,https://collaborate.princeton.edu/en/persons/nicholas-wyeth-buchholz,Economics
Dmitry Abanin,Physics,https://collaborate.princeton.edu/en/persons/dmitry-abanin,Physics
Mohamed S. Abou Donia,"Molecular Biology, Princeton Branch of the Ludwig Institute for Cancer Research",https://collaborate.princeton.edu/en/persons/mohamed-s-abou-donia,"Molecular Biology, Princeton Branch of Ludwig Institute Cancer Research"
Parastoo Abtahi,Computer Science,https://collaborate.princeton.edu/en/persons/parastoo-abtahi,Computer Science
Ryan P. Adams,"Computer Science, Center for Statistics & Machine Learning",https://collaborate.princeton.edu/en/persons/ryan-p-adams,"Computer Science, Center Statistics Machine Learning"
Brittany Adamson,"Molecular Biology, Lewis-Sigler Institute for Integrative Genomics",https://collaborate.princeton.edu/en/persons/britt-adamson,"Molecular Biology, Lewis-Sigler Institute Integrative Genomics"
Sigrid M. Adriaenssens,"Civil & Environmental Engineering, High Meadows Environmental Institute, Princeton Materials Institute",https://collaborate.princeton.edu/en/persons/sigrid-m-adriaenssens,"Civil Environmental Engineering, High Meadows Environmental Institute, Princeton Materials Institute"
Mark A. Aguiar,"Economics, Bendheim Center for Finance",https://collaborate.princeton.edu/en/persons/mark-a-aguiar,"Economics, Bendheim Center Finance"
Amir Ali Ahmadi,"Operations Research & Financial Engineering, Center for Statistics & Machine Learning, Mechanical & Aerospace Engineering",https://collaborate.princeton.edu/en/persons/amir-ali-ahmadi,"Operations Research Financial Engineering, Center Statistics Machine Learning, Mechanical Aerospace Engineering"
Byron T. Ahn,Council of the Humanities,https://collaborate.princeton.edu/en/persons/byron-t-ahn,Council of Humanities
Yacine Ait-Sahalia,"Economics, Bendheim Center for Finance, Center for Statistics & Machine Learning",https://collaborate.princeton.edu/en/persons/yacine-ait-sahalia,"Economics, Bendheim Center Finance, Center Statistics Machine Learning"
Michael Aizenman,"Physics, Mathematics",https://collaborate.princeton.edu/en/persons/michael-aizenman,"Physics, Mathematics"
Joshua Akey,Lewis-Sigler Institute for Integrative Genomics,https://collaborate.princeton.edu/en/persons/joshua-akey,Lewis-Sigler Institute Integrative Genomics
Christine Allen-Blanchette,Mechanical & Aerospace Engineering,https://collaborate.princeton.edu/en/persons/christine-allen-blanchette,Mechanical Aerospace Engineering
April Alliston,Comparative Literature,https://collaborate.princeton.edu/en/persons/april-alliston,Comparative Literature
Noga Mordechai Alon,Mathematics,https://collaborate.princeton.edu/en/persons/noga-mordechai-alon,Mathematics
Bridget Alsdorf,Art and Archaeology,https://collaborate.princeton.edu/en/persons/bridget-alsdorf,Art and Archaeology
Anthony E. Ambrosini,Princeton Neuroscience Institute,https://collaborate.princeton.edu/en/persons/anthony-e-ambrosini,Princeton Neuroscience Institute
Alexandra Amon,Astrophysical Sciences,https://collaborate.princeton.edu/en/persons/alexandra-amon,Astrophysical Sciences
Maria Apostolaki,Electrical and Computer Engineering,https://collaborate.princeton.edu/en/persons/maria-apostolaki,Electrical and Computer Engineering
Andrew Wilson Appel,"Computer Science, Center for Information Technology Policy",https://collaborate.princeton.edu/en/persons/andrew-wilson-appel,"Computer Science, Center Information Technology Policy"
Elizabeth Mitchell Armstrong,Princeton School of Public and International Affairs,https://collaborate.princeton.edu/en/persons/elizabeth-mitchell-armstrong,Princeton School of Public and International Affairs
Craig B. Arnold,"Mechanical & Aerospace Engineering, Andlinger Center for Energy & the Environment, Electrical and Computer Engineering, High Meadows Environmental Institute, Princeton Materials Institute",https://collaborate.princeton.edu/en/persons/craig-b-arnold,"Mechanical Aerospace Engineering, Andlinger Center Energy Environment, Electrical and Computer Engineering, High Meadows Environmental Institute, Princeton Materials Institute"
Sanjeev Arora,"Computer Science, Bendheim Center for Finance, Center for Statistics & Machine Learning",https://collaborate.princeton.edu/en/persons/sanjeev-arora,"Computer Science, Bendheim Center Finance, Center Statistics Machine Learning"
Nathan Todd Arrington,Art and Archaeology,https://collaborate.princeton.edu/en/persons/nathan-todd-arrington,Art and Archaeology
Orley Clark Ashenfelter,Economics,https://collaborate.princeton.edu/en/persons/orley-clark-ashenfelter,Economics
Josh Atkinson,Civil & Environmental Engineering,https://collaborate.princeton.edu/en/persons/josh-atkinson,Civil Environmental Engineering
David I. August,"Computer Science, Electrical and Computer Engineering, Princeton Institute for Computational Science and Engineering",https://collaborate.princeton.edu/en/persons/david-i-august,"Computer Science, Electrical and Computer Engineering, Princeton Institute Computational Science and Engineering"
Robert Hamilton Austin,"Physics, Princeton Materials Institute",https://collaborate.princeton.edu/en/persons/robert-hamilton-austin,"Physics, Princeton Materials Institute"
Jose L. Avalos,Chemical & Biological Engineering,https://collaborate.princeton.edu/en/persons/jose-l-avalos,Chemical Biological Engineering
Julien F. Ayroles,Ecology & Evolutionary Biology,https://collaborate.princeton.edu/en/persons/julien-f-ayroles,Ecology Evolutionary Biology
Neta A. Bahcall,Astrophysical Sciences,https://collaborate.princeton.edu/en/persons/neta-a-bahcall,Astrophysical Sciences
Gaspar Aron Bakos,Astrophysical Sciences,https://collaborate.princeton.edu/en/persons/gaspar-aron-bakos,Astrophysical Sciences
Waseem S. Bakr,Physics,https://collaborate.princeton.edu/en/persons/waseem-s-bakr,Physics
David A. Baldwin,Princeton School of Public and International Affairs,https://collaborate.princeton.edu/en/persons/david-a-baldwin,Princeton School of Public and International Affairs
Yelena Baraz,Classics,https://collaborate.princeton.edu/en/persons/yelena-baraz,Classics
Charlie Barber,Art and Archaeology,https://collaborate.princeton.edu/en/persons/charlie-barber,Art and Archaeology
Edward George Baring,History,https://collaborate.princeton.edu/en/persons/edward-george-baring,History
Rhae Lynn Barnes,History,https://collaborate.princeton.edu/en/persons/rhae-lynn-barnes,History
Gary Jonathan Bass,Princeton School of Public and International Affairs,https://collaborate.princeton.edu/en/persons/gary-jonathan-bass,Princeton School of Public and International Affairs
Bonnie Lynn Bassler,"Molecular Biology, Chemistry, High Meadows Environmental Institute",https://collaborate.princeton.edu/en/persons/bonnie-lynn-bassler,"Molecular Biology, Chemistry, High Meadows Environmental Institute"
Leora Faye Batnitzky,Religion,https://collaborate.princeton.edu/en/persons/leora-faye-batnitzky,Religion
Basile Charles Baudez,Art and Archaeology,https://collaborate.princeton.edu/en/persons/basile-charles-baudez,Art and Archaeology
Ryne Beeson,Mechanical & Aerospace Engineering,https://collaborate.princeton.edu/en/persons/ryne-beeson,Mechanical Aerospace Engineering
Mark R. Beissinger,Politics,https://collaborate.princeton.edu/en/persons/mark-r-beissinger,Politics
Charles R. Beitz,Politics,https://collaborate.princeton.edu/en/persons/charles-r-beitz,Politics
Wendy Laura Belcher,Comparative Literature,https://collaborate.princeton.edu/en/persons/wendy-laura-belcher,Comparative Literature
Aisha M. Beliso-De Jesus,Effron Center Study of America,https://collaborate.princeton.edu/en/persons/aisha-m-beliso-de-jesus,Effron Center Study of America
David A. Bell,History,https://collaborate.princeton.edu/en/persons/david-a-bell,History
Matija Bucic,Mathematics,https://collaborate.princeton.edu/en/persons/matija-bucic,Mathematics
David Builes,Philosophy,https://collaborate.princeton.edu/en/persons/david-builes,Philosophy
Rebecca D. Burdine,Molecular Biology,https://collaborate.princeton.edu/en/persons/rebecca-d-burdine,Molecular Biology
John P. Burgess,Philosophy,https://collaborate.princeton.edu/en/persons/john-p-burgess,Philosophy
D. Graham Burnett,History,https://collaborate.princeton.edu/en/persons/d-graham-burnett,History
Adam S. Burrows,"Astrophysical Sciences, Princeton Institute for Computational Science and Engineering",https://collaborate.princeton.edu/en/persons/adam-s-burrows,"Astrophysical Sciences, Princeton Institute Computational Science and Engineering"
Timothy J. Buschman,Psychology,https://collaborate.princeton.edu/en/persons/timothy-j-buschman,Psychology
Eduardo Lujan Cadava,English,https://collaborate.princeton.edu/en/persons/eduardo-lujan-cadava,English
Sebastian Caldas,Computer Science,https://collaborate.princeton.edu/en/persons/sebastian-caldas,Computer Science
Curtis Gove Callan,"Physics, High Meadows Environmental Institute, Lewis-Sigler Institute for Integrative Genomics",https://collaborate.princeton.edu/en/persons/curtis-gove-callan,"Physics, High Meadows Environmental Institute, Lewis-Sigler Institute Integrative Genomics"
Charles M. Cameron,Princeton School of Public and International Affairs,https://collaborate.princeton.edu/en/persons/charles-m-cameron,Princeton School of Public and International Affairs
Shane Cornell Campbell-Staton,"Ecology & Evolutionary Biology, Princeton Branch of the Ludwig Institute for Cancer Research",https://collaborate.princeton.edu/en/persons/shane-cornell-campbell-staton,"Ecology Evolutionary Biology, Princeton Branch of Ludwig Institute Cancer Research"
Tina Marie Campt,Art and Archaeology,https://collaborate.princeton.edu/en/persons/tina-marie-campt,Art and Archaeology
Margot Canaday,History,https://collaborate.princeton.edu/en/persons/margot-canaday,History
Vera Silvina Candiani,History,https://collaborate.princeton.edu/en/persons/vera-silvina-candiani,History
Roberto Car,"Chemistry, Physics, Princeton Institute for Computational Science and Engineering, Princeton Materials Institute",https://collaborate.princeton.edu/en/persons/roberto-car,"Chemistry, Physics, Princeton Institute Computational Science and Engineering, Princeton Materials Institute"
Jannette Carey,"Chemistry, Molecular Biology, Princeton Materials Institute",https://collaborate.princeton.edu/en/persons/jannette-carey,"Chemistry, Molecular Biology, Princeton Materials Institute"
Rebecca Michelle Carey,Psychology,https://collaborate.princeton.edu/en/persons/rebecca-michelle-carey,Psychology
Rene A. Carmona,"Operations Research & Financial Engineering, Bendheim Center for Finance, High Meadows Environmental Institute, Mathematics, Princeton Institute for Computational Science and Engineering",https://collaborate.princeton.edu/en/persons/rene-a-carmona,"Operations Research Financial Engineering, Bendheim Center Finance, High Meadows Environmental Institute, Mathematics, Princeton Institute Computational Science and Engineering"
Allison Carruth,Effron Center Study of America,https://collaborate.princeton.edu/en/persons/allison-carruth,Effron Center Study of America
Emily Ann Carter,Andlinger Center for Energy & the Environment,https://collaborate.princeton.edu/en/persons/emily-ann-carter,Andlinger Center Energy Environment
Natalia Castro Picon,Spanish & Portuguese,https://collaborate.princeton.edu/en/persons/natalia-castro-picon,Spanish Portuguese
Matias Damian Cattaneo,"Operations Research & Financial Engineering, Center for Statistics & Machine Learning",https://collaborate.princeton.edu/en/persons/matias-damian-cattaneo,"Operations Research Financial Engineering, Center Statistics Machine Learning"
Robert Joseph Cava,"Chemistry, Princeton Materials Institute",https://collaborate.princeton.edu/en/persons/robert-joseph-cava,"Chemistry, Princeton Materials Institute"
Michael Anthony Celia,"Civil & Environmental Engineering, High Meadows Environmental Institute",https://collaborate.princeton.edu/en/persons/michael-anthony-celia,"Civil Environmental Engineering, High Meadows Environmental Institute"
Miguel Angel Centeno,Sociology,https://collaborate.princeton.edu/en/persons/miguel-angel-centeno,Sociology
Mark Cerenzia,Operations Research & Financial Engineering,https://collaborate.princeton.edu/en/persons/mark-cerenzia,Operations Research Financial Engineering
Rafael Cesar,Spanish & Portuguese,https://collaborate.princeton.edu/en/persons/rafael-cesar,Spanish Portuguese
Flora Champy,French & Italian,https://collaborate.princeton.edu/en/persons/flora-champy,French Italian
Michelle M. W. Chan,Molecular Biology,https://collaborate.princeton.edu/en/persons/michelle-m-w-chan,Molecular Biology
Ellen Bell Chances,Slavic Lang & Literatures,https://collaborate.princeton.edu/en/persons/ellen-bell-chances,Slavic Lang Literatures
Michelle C. Chang,Chemistry,https://collaborate.princeton.edu/en/persons/michelle-c-chang,Chemistry
Sun-Yung Alice Chang,Mathematics,https://collaborate.princeton.edu/en/persons/sun-yung-alice-chang,Mathematics
Sarangan Lakshminarasimha Chari,Chemistry,https://collaborate.princeton.edu/en/persons/sarangan-lakshminarasimha-chari,Chemistry
Sylvain Chassang,Economics,https://collaborate.princeton.edu/en/persons/sylvain-chassang,Economics
Zahid Rafiq Chaudhary,English,https://collaborate.princeton.edu/en/persons/zahid-rafiq-chaudhary,English
Saptarshi Chaudhuri,Physics,https://collaborate.princeton.edu/en/persons/saptarshi-chaudhuri,Physics
Bernard Chazelle,"Computer Science, Mathematics",https://collaborate.princeton.edu/en/persons/bernard-chazelle,"Computer Science, Mathematics"
Danqi Chen,Computer Science,https://collaborate.princeton.edu/en/persons/danqi-chen,Computer Science
Janet Y. Chen,History,https://collaborate.princeton.edu/en/persons/janet-y-chen,History
Minjie Chen,"Electrical and Computer Engineering, Andlinger Center for Energy & the Environment",https://collaborate.princeton.edu/en/persons/minjie-chen,"Electrical and Computer Engineering, Andlinger Center Energy Environment"
Anne Cheng,English,https://collaborate.princeton.edu/en/persons/anne-cheng,English
Katie Chenoweth,French & Italian,https://collaborate.princeton.edu/en/persons/katie-chenoweth,French Italian
Divya Cherian,History,https://collaborate.princeton.edu/en/persons/divya-cherian,History
Lawrence W. Cheuk,Physics,https://collaborate.princeton.edu/en/persons/lawrence-w-cheuk,Physics
Caroline Cheung,Classics,https://collaborate.princeton.edu/en/persons/caroline-cheung,Classics
Andrew Chignell,Religion,https://collaborate.princeton.edu/en/persons/andrew-chignell,Religion
Paul J. Chirik,Chemistry,https://collaborate.princeton.edu/en/persons/paul-j-chirik,Chemistry
Ksenia Chizhova,East Asian Studies,https://collaborate.princeton.edu/en/persons/ksenia-chizhova,East Asian Studies
Carolyn Choi,Effron Center Study of America,https://collaborate.princeton.edu/en/persons/carolyn-choi,Effron Center Study of America
Stephen Y. Chou,"Electrical and Computer Engineering, Princeton Materials Institute",https://collaborate.princeton.edu/en/persons/stephen-y-chou,"Electrical and Computer Engineering, Princeton Materials Institute"
Edgar Yazid Choueiri,Mechanical & Aerospace Engineering,https://collaborate.princeton.edu/en/persons/edgar-yazid-choueiri,Mechanical Aerospace Engineering
Heather Christie,Molecular Biology,https://collaborate.princeton.edu/en/persons/heather-christie,Molecular Biology
Maria Chudnovsky,Mathematics,https://collaborate.princeton.edu/en/persons/maria-chudnovsky,Mathematics
Steven Chung,East Asian Studies,https://collaborate.princeton.edu/en/persons/steven-chung,East Asian Studies
Christopher F. Chyba,"Princeton School of Public and International Affairs, Astrophysical Sciences",https://collaborate.princeton.edu/en/persons/christopher-f-chyba,"Princeton School of Public and International Affairs, Astrophysical Sciences"
Gabriel Maurice Alexander Citron,Religion,https://collaborate.princeton.edu/en/persons/gabriel-maurice-alexander-citron,Religion
Corey Clapp,Chemistry,https://collaborate.princeton.edu/en/persons/corey-clapp,Chemistry
Catherine Clune-Taylor,Gender & Sexuality Studies Pgm,https://collaborate.princeton.edu/en/persons/catherine-clune-taylor,Gender Sexuality Studies Pgm
Fernando Coda Marques,Mathematics,https://collaborate.princeton.edu/en/persons/fernando-coda-marques,Mathematics
Daniel Joseph Cohen,"Mechanical & Aerospace Engineering, Chemical & Biological Engineering, Molecular Biology, Princeton Branch of the Ludwig Institute for Cancer Research, Princeton Materials Institute",https://collaborate.princeton.edu/en/persons/daniel-joseph-cohen,"Mechanical Aerospace Engineering, Chemical Biological Engineering, Molecular Biology, Princeton Branch of Ludwig Institute Cancer Research, Princeton Materials Institute"
Jonathan D. Cohen,"Psychology, Center for Statistics & Machine Learning, Princeton Institute for Computational Science and Engineering, Princeton Neuroscience Institute",https://collaborate.princeton.edu/en/persons/jonathan-d-cohen,"Psychology, Center Statistics Machine Learning, Princeton Institute Computational Science and Engineering, Princeton Neuroscience Institute"
Morrel H. Cohen,Chemistry,https://collaborate.princeton.edu/en/persons/morrel-h-cohen,Chemistry
Samuel A. Cohen,Astrophysical Sciences,https://collaborate.princeton.edu/en/persons/samuel-a-cohen,Astrophysical Sciences
Andrew Cole,English,https://collaborate.princeton.edu/en/persons/andrew-cole,English
Linda Jane Colley,History,https://collaborate.princeton.edu/en/persons/linda-jane-colley,History
Lindsay Collins,Princeton Neuroscience Institute,https://collaborate.princeton.edu/en/persons/lindsay-collins,Princeton Neuroscience Institute
Alin I. Coman,Psychology,https://collaborate.princeton.edu/en/persons/alin-i-coman,Psychology
Benjamin Conisbee Baer,Comparative Literature,https://collaborate.princeton.edu/en/persons/benjamin-conisbee-baer,Comparative Literature
Thomas Donald Conlan,East Asian Studies,https://collaborate.princeton.edu/en/persons/thomas-donald-conlan,East Asian Studies
Dalton Conley,Sociology,https://collaborate.princeton.edu/en/persons/dalton-conley,Sociology
Peter Constantin,"Mathematics, Princeton Institute for Computational Science and Engineering",https://collaborate.princeton.edu/en/persons/peter-constantin,"Mathematics, Princeton Institute Computational Science and Engineering"
Gregory Andrew Conti,Politics,https://collaborate.princeton.edu/en/persons/gregory-andrew-conti,Politics
Jonathan M. Conway,Chemical & Biological Engineering,https://collaborate.princeton.edu/en/persons/jonathan-m-conway,Chemical Biological Engineering
Michael Allan Cook,Near Eastern Studies,https://collaborate.princeton.edu/en/persons/michael-allan-cook,Near Eastern Studies
Joel Cooper,Psychology,https://collaborate.princeton.edu/en/persons/joel-cooper,Psychology
Bradin T. Cormack,English,https://collaborate.princeton.edu/en/persons/bradin-t-cormack,English
Steven Charles Cowley,Astrophysical Sciences,https://collaborate.princeton.edu/en/persons/steven-charles-cowley,Astrophysical Sciences
Natalie Cox,"Economics, Bendheim Center for Finance",https://collaborate.princeton.edu/en/persons/natalie-marie-bachas,"Economics, Bendheim Center Finance"
Angela N. H. Creager,History,https://collaborate.princeton.edu/en/persons/angela-n-h-creager,History
Ileana M. Cristea,"Molecular Biology, Lewis-Sigler Institute for Integrative Genomics",https://collaborate.princeton.edu/en/persons/ileana-m-cristea,"Molecular Biology, Lewis-Sigler Institute Integrative Genomics"
Molly J Crockett,Psychology,https://collaborate.princeton.edu/en/persons/molly-j-crockett,Psychology
Janet Marion Currie,"Princeton School of Public and International Affairs, Economics",https://collaborate.princeton.edu/en/persons/janet-marion-currie,"Princeton School of Public and International Affairs, Economics"
Mihalis Dafermos,"Mathematics, Physics",https://collaborate.princeton.edu/en/persons/mihalis-dafermos,"Mathematics, Physics"
Marcel Dall'Agnol,Computer Science,https://collaborate.princeton.edu/en/persons/marcel-dallagnol,Computer Science
Rafaela M. Dancygier,Princeton School of Public and International Affairs,https://collaborate.princeton.edu/en/persons/rafaela-m-dancygier,Princeton School of Public and International Affairs
John David Danner,Keller Center for Innovation in Engineering Education,https://collaborate.princeton.edu/en/persons/john-david-danner,Keller Center Innovation in Engineering Education
Anthar Saqer Darwish,Molecular Biology,https://collaborate.princeton.edu/en/persons/anthar-saqer-darwish,Molecular Biology
Sujit Sankar Datta,"Chemical & Biological Engineering, Princeton Materials Institute",https://collaborate.princeton.edu/en/persons/sujit-sankar-datta,"Chemical Biological Engineering, Princeton Materials Institute"
Emily Catherine Davidson,Chemical & Biological Engineering,https://collaborate.princeton.edu/en/persons/emily-catherine-davidson,Chemical Biological Engineering
Nathaniel Douglass Daw,Princeton Neuroscience Institute,https://collaborate.princeton.edu/en/persons/nathaniel-douglass-daw,Princeton Neuroscience Institute
Pablo Gaston Debenedetti,"Chemical & Biological Engineering, Princeton Materials Institute, High Meadows Environmental Institute, Princeton Institute for Computational Science and Engineering, School of Engineering & Applied Science",https://collaborate.princeton.edu/en/persons/pablo-gaston-debenedetti,"Chemical Biological Engineering, Princeton Materials Institute, High Meadows Environmental Institute, Princeton Institute Computational Science and Engineering, School of Engineering Applied Science"
Luc Deike,"Mechanical & Aerospace Engineering, Civil & Environmental Engineering, High Meadows Environmental Institute, Princeton Materials Institute",https://collaborate.princeton.edu/en/persons/luc-deike,"Mechanical Aerospace Engineering, Civil Environmental Engineering, High Meadows Environmental Institute, Princeton Materials Institute"
Nathalie P. de Leon,Electrical and Computer Engineering,https://collaborate.princeton.edu/en/persons/nathalie-p-de-leon,Electrical and Computer Engineering
Rachael Ziady DeLue,Art and Archaeology,https://collaborate.princeton.edu/en/persons/rachael-ziady-delue,Art and Archaeology
Jia Deng,"Computer Science, Center for Statistics & Machine Learning",https://collaborate.princeton.edu/en/persons/jia-deng,"Computer Science, Center Statistics Machine Learning"
Jie Deng,Geosciences,https://collaborate.princeton.edu/en/persons/jie-deng,Geosciences
Donnacha Matthew Dennehy,Music,https://collaborate.princeton.edu/en/persons/donnacha-matthew-dennehy,Music
Ellora Derenoncourt,Economics,https://collaborate.princeton.edu/en/persons/ellora-derenoncourt,Economics
Matthew Desmond,Sociology,https://collaborate.princeton.edu/en/persons/matthew-desmond,Sociology
Curtis A. Deutsch,Geosciences,https://collaborate.princeton.edu/en/persons/curtis-a-deutsch,Geosciences
Danelle Devenport,Molecular Biology,https://collaborate.princeton.edu/en/persons/danelle-devenport,Molecular Biology
Maria A. DiBattista,English,https://collaborate.princeton.edu/en/persons/maria-a-dibattista,English
Bradley Horatio Dickerson,Princeton Neuroscience Institute,https://collaborate.princeton.edu/en/persons/bradley-horatio-dickerson,Princeton Neuroscience Institute
Adji Bousso Dieng,Computer Science,https://collaborate.princeton.edu/en/persons/adji-bousso-dieng,Computer Science
Jacob S. Dlamini,History,https://collaborate.princeton.edu/en/persons/jacob-s-dlamini,History
Andy P. Dobson,"Ecology & Evolutionary Biology, High Meadows Environmental Institute, Lewis-Sigler Institute for Integrative Genomics",https://collaborate.princeton.edu/en/persons/andy-p-dobson,"Ecology Evolutionary Biology, High Meadows Environmental Institute, Lewis-Sigler Institute Integrative Genomics"
Lynda G. Dodd,Princeton School of Public and International Affairs,https://collaborate.princeton.edu/en/persons/lynda-g-dodd,Princeton School of Public and International Affairs
Arthur Dogariu,Mechanical & Aerospace Engineering,https://collaborate.princeton.edu/en/persons/arthur-dogariu,Mechanical Aerospace Engineering
Brigid Doherty,German,https://collaborate.princeton.edu/en/persons/brigid-doherty,German
Jeff Dolven,English,https://collaborate.princeton.edu/en/persons/jeff-dolven,English
Marc Domingo Gygax,Classics,https://collaborate.princeton.edu/en/persons/marc-domingo-gygax,Classics
Robert M. Dondero,Computer Science,https://collaborate.princeton.edu/en/persons/robert-m-dondero,Computer Science
Bruce T. Draine,Astrophysical Sciences,https://collaborate.princeton.edu/en/persons/bruce-t-draine,Astrophysical Sciences
Susana Draper,Comparative Literature,https://collaborate.princeton.edu/en/persons/susana-draper,Comparative Literature
Lidal Dror,Philosophy,https://collaborate.princeton.edu/en/persons/lidal-dror,Philosophy
Thomas S. Duffy,"Geosciences, Princeton Materials Institute",https://collaborate.princeton.edu/en/persons/thomas-s-duffy,"Geosciences, Princeton Materials Institute"
Mitchell Duneier,Sociology,https://collaborate.princeton.edu/en/persons/mitchell-duneier,Sociology
Jo Dunkley,"Physics, Astrophysical Sciences",https://collaborate.princeton.edu/en/persons/jo-dunkley,"Physics, Astrophysical Sciences"
Pascaline Dupas,Princeton School of Public and International Affairs,https://collaborate.princeton.edu/en/persons/pascaline-dupas,Princeton School of Public and International Affairs
Zeev Dvir,"Computer Science, Mathematics",https://collaborate.princeton.edu/en/persons/zeev-dvir,"Computer Science, Mathematics"
Yaacob Dweck,History,https://collaborate.princeton.edu/en/persons/yaacob-dweck,History
Kathryn Jo Edin,Princeton School of Public and International Affairs,https://collaborate.princeton.edu/en/persons/kathryn-jo-edin,Princeton School of Public and International Affairs
Laura F. Edwards,History,https://collaborate.princeton.edu/en/persons/laura-f-edwards,History
Adam Newman Elga,Philosophy,https://collaborate.princeton.edu/en/persons/adam-newman-elga,Philosophy
Elizabeth Ellis,History,https://collaborate.princeton.edu/en/persons/elizabeth-ellis,History
G. J. Peter Elmer,Physics,https://collaborate.princeton.edu/en/persons/g-j-peter-elmer,Physics
Karen Renee Emmerich,Comparative Literature,https://collaborate.princeton.edu/en/persons/karen-renee-emmerich,Comparative Literature
Esteban A. Engel,Princeton Neuroscience Institute,https://collaborate.princeton.edu/en/persons/esteban-a-engel,Princeton Neuroscience Institute
Tatiana Engel,Princeton Neuroscience Institute,https://collaborate.princeton.edu/en/persons/tatiana-engel,Princeton Neuroscience Institute
Louis Esser,Mathematics,https://collaborate.princeton.edu/en/persons/louis-esser,Mathematics
Hannah Essien,Prnctn Inst Intl & Regnl Studs,https://collaborate.princeton.edu/en/persons/hannah-essien,Prnctn Inst Intl Regnl Studs
Benjamin Eysenbach,Computer Science,https://collaborate.princeton.edu/en/persons/benjamin-eysenbach,Computer Science
Annegret Lea Falkner,Princeton Neuroscience Institute,https://collaborate.princeton.edu/en/persons/annegret-lea-falkner,Princeton Neuroscience Institute
Jianqing Fan,"Operations Research & Financial Engineering, Bendheim Center for Finance, Center for Statistics & Machine Learning, Economics",https://collaborate.princeton.edu/en/persons/jianqing-fan,"Operations Research Financial Engineering, Bendheim Center Finance, Center Statistics Machine Learning, Economics"
Fauzia Farooqui,Prnctn Inst Intl & Regnl Studs,https://collaborate.princeton.edu/en/persons/fauzia-farooqui,Prnctn Inst Intl Regnl Studs
Katie Farris,Lewis Center for the Arts,https://collaborate.princeton.edu/en/persons/katie-farris,Lewis Center Arts
Charles Louis Fefferman,Mathematics,https://collaborate.princeton.edu/en/persons/charles-louis-fefferman,Mathematics
Andrew Mark Feldherr,Classics,https://collaborate.princeton.edu/en/persons/andrew-mark-feldherr,Classics
Liane Marquis Feldman,Religion,https://collaborate.princeton.edu/en/persons/liane-marquis-feldman,Religion
Philip George Felton,Molecular Biology,https://collaborate.princeton.edu/en/persons/philip-george-felton,Molecular Biology
Jaime Fernandez Fisac,Electrical and Computer Engineering,https://collaborate.princeton.edu/en/persons/jaime-fernandez-fisac,Electrical and Computer Engineering
Patricia Fernandez-Kelly,Sociology,https://collaborate.princeton.edu/en/persons/patricia-fernandez-kelly,Sociology
Jonathan Michael Fickenscher,Mathematics,https://collaborate.princeton.edu/en/persons/jonathan-michael-fickenscher,Mathematics
Kai Alexander Filsinger,Princeton Materials Institute,https://collaborate.princeton.edu/en/persons/kai-alexander-filsinger,Princeton Materials Institute
Adam Finkelstein,Computer Science,https://collaborate.princeton.edu/en/persons/adam-finkelstein,Computer Science
Nathaniel J. Fisch,"Astrophysical Sciences, Mechanical & Aerospace Engineering",https://collaborate.princeton.edu/en/persons/nathaniel-j-fisch,"Astrophysical Sciences, Mechanical Aerospace Engineering"
Robert S. Fish,Computer Science,https://collaborate.princeton.edu/en/persons/robert-s-fish,Computer Science
Jason W. Fleischer,"Electrical and Computer Engineering, Princeton Materials Institute",https://collaborate.princeton.edu/en/persons/jason-w-fleischer,"Electrical and Computer Engineering, Princeton Materials Institute"
Marc Fleurbaey,Princeton School of Public and International Affairs,https://collaborate.princeton.edu/en/persons/marc-fleurbaey,Princeton School of Public and International Affairs
Harriet Isabel Flower,Classics,https://collaborate.princeton.edu/en/persons/harriet-isabel-flower,Classics
Michael A. Flower,Classics,https://collaborate.princeton.edu/en/persons/michael-a-flower,Classics
Ruth Catherine Fong,Computer Science,https://collaborate.princeton.edu/en/persons/ruth-catherine-fong,Computer Science
Devin A. Fore,German,https://collaborate.princeton.edu/en/persons/devin-a-fore,German
Hal Foster,Art and Archaeology,https://collaborate.princeton.edu/en/persons/hal-foster,Art and Archaeology
Sonja Angelique Francis,Chemistry,https://collaborate.princeton.edu/en/persons/sonja-angelique-francis,Chemistry
Pietro Frassica,French & Italian,https://collaborate.princeton.edu/en/persons/pietro-frassica,French Italian
Elena Fratto,Slavic Lang & Literatures,https://collaborate.princeton.edu/en/persons/elena-fratto,Slavic Lang Literatures
Michael Joseph Freedman,"Computer Science, Center for Information Technology Policy",https://collaborate.princeton.edu/en/persons/michael-joseph-freedman,"Computer Science, Center Information Technology Policy"
Aaron Louis Friedberg,Princeton School of Public and International Affairs,https://collaborate.princeton.edu/en/persons/aaron-louis-friedberg,Princeton School of Public and International Affairs
Paul Frymer,Politics,https://collaborate.princeton.edu/en/persons/paul-frymer,Politics
Tian-Ming Fu,Electrical and Computer Engineering,https://collaborate.princeton.edu/en/persons/tian-ming-fu,Electrical and Computer Engineering
Stephan Andreas Fueglistaler,"Geosciences, Atmospheric & Oceanic Sciences, High Meadows Environmental Institute, Princeton Institute for Computational Science and Engineering",https://collaborate.princeton.edu/en/persons/stephan-andreas-fueglistaler,"Geosciences, Atmospheric Oceanic Sciences, High Meadows Environmental Institute, Princeton Institute Computational Science and Engineering"
Thomas Fujiwara,Economics,https://collaborate.princeton.edu/en/persons/thomas-fujiwara,Economics
Diana Jean Fuss,English,https://collaborate.princeton.edu/en/persons/diana-jean-fuss,English
David Gabai,Mathematics,https://collaborate.princeton.edu/en/persons/david-gabai,Mathematics
Cristiano Galbiati,Physics,https://collaborate.princeton.edu/en/persons/cristiano-galbiati,Physics
Ruben Gallo,Spanish & Portuguese,https://collaborate.princeton.edu/en/persons/ruben-gallo,Spanish Portuguese
Daniel Garber,Philosophy,https://collaborate.princeton.edu/en/persons/daniel-garber,Philosophy
Lorgia Garcia Pena,Effron Center Study of America,https://collaborate.princeton.edu/en/persons/lorgia-garcia-pena,Effron Center Study of America
Filiz Garip,Sociology,https://collaborate.princeton.edu/en/persons/filiz-garip,Sociology
Maria Eugenia Moreyra Garlock,"Civil & Environmental Engineering, High Meadows Environmental Institute",https://collaborate.princeton.edu/en/persons/maria-eugenia-moreyra-garlock,"Civil Environmental Engineering, High Meadows Environmental Institute"
Sheldon Marc Garon,History,https://collaborate.princeton.edu/en/persons/sheldon-marc-garon,History
Varun Gauri,Princeton School of Public and International Affairs,https://collaborate.princeton.edu/en/persons/varun-gauri,Princeton School of Public and International Affairs
Elizabeth Rose Gavis,Molecular Biology,https://collaborate.princeton.edu/en/persons/elizabeth-rose-gavis,Molecular Biology
Tangli Ge,Mathematics,https://collaborate.princeton.edu/en/persons/tangli-ge,Mathematics
Sophie Graham Gee,English,https://collaborate.princeton.edu/en/persons/sophie-graham-gee,English
Jason Geller,Psychology,https://collaborate.princeton.edu/en/persons/jason-geller,Psychology
Robert Peter George,Politics,https://collaborate.princeton.edu/en/persons/robert-peter-george,Politics
Behrooz Ghamari-Tabrizi,Near Eastern Studies,https://collaborate.princeton.edu/en/persons/behrooz-ghamari-tabrizi,Near Eastern Studies
Yasaman Ghasempour,Electrical and Computer Engineering,https://collaborate.princeton.edu/en/persons/yasaman-ghasempour,Electrical and Computer Engineering
Asif A. Ghazanfar,"Psychology, Princeton Neuroscience Institute",https://collaborate.princeton.edu/en/persons/asif-a-ghazanfar,"Psychology, Princeton Neuroscience Institute"
German Sergio Gieczewski,Politics,https://collaborate.princeton.edu/en/persons/german-sergio-gieczewski,Politics
Simon Eliud Gikandi,English,https://collaborate.princeton.edu/en/persons/simon-eliud-gikandi,English
Maia Ginsburg,Computer Science,https://collaborate.princeton.edu/en/persons/maia-ginsburg,Computer Science
Simone Giombi,Physics,https://collaborate.princeton.edu/en/persons/simone-giombi,Physics
Zemer Gitai,"Molecular Biology, High Meadows Environmental Institute, Lewis-Sigler Institute for Integrative Genomics, Princeton Branch of the Ludwig Institute for Cancer Research",https://collaborate.princeton.edu/en/persons/zemer-gitai,"Molecular Biology, High Meadows Environmental Institute, Lewis-Sigler Institute Integrative Genomics, Princeton Branch of Ludwig Institute Cancer Research"
Alexander Glaser,"Princeton School of Public and International Affairs, Mechanical & Aerospace Engineering",https://collaborate.princeton.edu/en/persons/alexander-glaser,"Princeton School of Public and International Affairs, Mechanical Aerospace Engineering"
Eddie Steven Glaude,African American Studies,https://collaborate.princeton.edu/en/persons/eddie-steven-glaude,African American Studies
Yonatan Glazer-Eytan,History,https://collaborate.princeton.edu/en/persons/yonatan-glazer-eytan,History
William Albert Gleason,English,https://collaborate.princeton.edu/en/persons/william-albert-gleason,English
Branko Glisic,"Civil & Environmental Engineering, Keller Center for Innovation in Engineering Education, Princeton Materials Institute",https://collaborate.princeton.edu/en/persons/branko-glisic,"Civil Environmental Engineering, Keller Center Innovation in Engineering Education, Princeton Materials Institute"
Claire F. Gmachl,"Electrical and Computer Engineering, High Meadows Environmental Institute, Keller Center for Innovation in Engineering Education, Princeton Materials Institute",https://collaborate.princeton.edu/en/persons/claire-f-gmachl,"Electrical and Computer Engineering, High Meadows Environmental Institute, Keller Center Innovation in Engineering Education, Princeton Materials Institute"
Jonathan C. Gold,Religion,https://collaborate.princeton.edu/en/persons/jonathan-c-gold,Religion
Adele E. Goldberg,Psychology,https://collaborate.princeton.edu/en/persons/adele-e-goldberg,Psychology
Noreen Goldman,Princeton School of Public and International Affairs,https://collaborate.princeton.edu/en/persons/noreen-goldman,Princeton School of Public and International Affairs
Andrea Jo Goldsmith,"Electrical and Computer Engineering, School of Engineering & Applied Science",https://collaborate.princeton.edu/en/persons/andrea-jo-goldsmith,"Electrical and Computer Engineering, School of Engineering Applied Science"
Adam Michael Goldstein,Princeton School of Public and International Affairs,https://collaborate.princeton.edu/en/persons/adam-michael-goldstein,Princeton School of Public and International Affairs
Robert James Goldston,"Astrophysical Sciences, High Meadows Environmental Institute",https://collaborate.princeton.edu/en/persons/robert-james-goldston,"Astrophysical Sciences, High Meadows Environmental Institute"
Reena N. Goldthree,African American Studies,https://collaborate.princeton.edu/en/persons/reena-n-goldthree,African American Studies
Jesse Gomez,Princeton Neuroscience Institute,https://collaborate.princeton.edu/en/persons/jesse-gomez,Princeton Neuroscience Institute
John Jeremy Goodman,Astrophysical Sciences,https://collaborate.princeton.edu/en/persons/john-jeremy-goodman,Astrophysical Sciences
Sarang Gopalakrishnan,Electrical and Computer Engineering,https://collaborate.princeton.edu/en/persons/sarang-gopalakrishnan,Electrical and Computer Engineering
Michael D. Gordin,History,https://collaborate.princeton.edu/en/persons/michael-d-gordin,History
Elizabeth Gould,Princeton Neuroscience Institute,https://collaborate.princeton.edu/en/persons/elizabeth-gould,Princeton Neuroscience Institute
Tanushree Goyal,Princeton School of Public and International Affairs,https://collaborate.princeton.edu/en/persons/tanushree-goyal,Princeton School of Public and International Affairs
Anthony Thomas Grafton,History,https://collaborate.princeton.edu/en/persons/anthony-thomas-grafton,History
Andrea Linn Graham,"Ecology & Evolutionary Biology, High Meadows Environmental Institute",https://collaborate.princeton.edu/en/persons/andrea-linn-graham,"Ecology Evolutionary Biology, High Meadows Environmental Institute"
David Barry Graves,Chemical & Biological Engineering,https://collaborate.princeton.edu/en/persons/david-barry-graves,Chemical Biological Engineering
Michael Steven Graziano,"Psychology, Princeton Neuroscience Institute",https://collaborate.princeton.edu/en/persons/michael-steven-graziano,"Psychology, Princeton Neuroscience Institute"
Barbara Graziosi,Classics,https://collaborate.princeton.edu/en/persons/barbara-graziosi,Classics
Jenny E. Greene,Astrophysical Sciences,https://collaborate.princeton.edu/en/persons/jenny-e-greene,Astrophysical Sciences
Molly Greene,History,https://collaborate.princeton.edu/en/persons/molly-greene,History
Naima Green-Riley,Princeton School of Public and International Affairs,https://collaborate.princeton.edu/en/persons/naima-green-riley,Princeton School of Public and International Affairs
Thomas Gregor,"Physics, Lewis-Sigler Institute for Integrative Genomics, Molecular Biology",https://collaborate.princeton.edu/en/persons/thomas-gregor,"Physics, Lewis-Sigler Institute Integrative Genomics, Molecular Biology"
Eric Sean Gregory,Religion,https://collaborate.princeton.edu/en/persons/eric-sean-gregory,Religion
Bryan T. Grenfell,"Princeton School of Public and International Affairs, Ecology & Evolutionary Biology",https://collaborate.princeton.edu/en/persons/bryan-t-grenfell,"Princeton School of Public and International Affairs, Ecology Evolutionary Biology"
Jonathan Marc Gribetz,Near Eastern Studies,https://collaborate.princeton.edu/en/persons/jonathan-marc-gribetz,Near Eastern Studies
Tom Griffiths,"Psychology, Center for Statistics & Machine Learning, Computer Science",https://collaborate.princeton.edu/en/persons/tom-griffiths,"Psychology, Center Statistics Machine Learning, Computer Science"
John Rockbridge Grigsby,Princeton School of Public and International Affairs,https://collaborate.princeton.edu/en/persons/john-rockbridge-grigsby,Princeton School of Public and International Affairs
Gene Michael Grossman,Princeton School of Public and International Affairs,https://collaborate.princeton.edu/en/persons/gene-michael-grossman,Princeton School of Public and International Affairs
John Taylor Groves,"Chemistry, High Meadows Environmental Institute, Princeton Materials Institute",https://collaborate.princeton.edu/en/persons/john-taylor-groves,"Chemistry, High Meadows Environmental Institute, Princeton Materials Institute"
Katja Guenther,History,https://collaborate.princeton.edu/en/persons/katja-guenther,History
Javier Enrique Guerrero,Spanish & Portuguese,https://collaborate.princeton.edu/en/persons/javier-enrique-guerrero,Spanish Portuguese
Michael Guerzhoy,Center for Statistics & Machine Learning,https://collaborate.princeton.edu/en/persons/michael-guerzhoy,Center Statistics Machine Learning
Andy Guess,Princeton School of Public and International Affairs,https://collaborate.princeton.edu/en/persons/andy-guess,Princeton School of Public and International Affairs
Joshua B. Guild,History,https://collaborate.princeton.edu/en/persons/joshua-b-guild,History
Faruk R. Gul,Economics,https://collaborate.princeton.edu/en/persons/faruk-r-gul,Economics
Saad Ahmad Gulzar,Princeton School of Public and International Affairs,https://collaborate.princeton.edu/en/persons/saad-ahmad-gulzar,Princeton School of Public and International Affairs
Aarti Gupta,Computer Science,https://collaborate.princeton.edu/en/persons/aarti-gupta,Computer Science
Mikko Petteri Haataja,"Mechanical & Aerospace Engineering, Princeton Materials Institute",https://collaborate.princeton.edu/en/persons/mikko-petteri-haataja,"Mechanical Aerospace Engineering, Princeton Materials Institute"
Jurgen Hackl,Civil & Environmental Engineering,https://collaborate.princeton.edu/en/persons/jurgen-hackl,Civil Environmental Engineering
Frederick D. Haldane,"Physics, Princeton Center for Theoretical Science, Princeton Materials Institute",https://collaborate.princeton.edu/en/persons/frederick-d-haldane,"Physics, Princeton Center Theoretical Science, Princeton Materials Institute"
Hans P. Halvorson,Philosophy,https://collaborate.princeton.edu/en/persons/hans-p-halvorson,Philosophy
Judith Hamera,Lewis Center for the Arts,https://collaborate.princeton.edu/en/persons/judith-hamera,Lewis Center Arts
Tod G. Hamilton,Sociology,https://collaborate.princeton.edu/en/persons/tod-g-hamilton,Sociology
Sharon Hammes-Schiffer,Chemistry,https://collaborate.princeton.edu/en/persons/sharon-hammes-schiffer,Chemistry
Boris Hanin,Operations Research & Financial Engineering,https://collaborate.princeton.edu/en/persons/boris-hanin,Operations Research Financial Engineering
M. Sukru Hanioglu,Near Eastern Studies,https://collaborate.princeton.edu/en/persons/m-sukru-hanioglu,Near Eastern Studies
Jonathan Hanselman,Mathematics,https://collaborate.princeton.edu/en/persons/jonathan-hanselman,Mathematics
Lara Harb,Near Eastern Studies,https://collaborate.princeton.edu/en/persons/lara-harb,Near Eastern Studies
Thomas William Hare,Comparative Literature,https://collaborate.princeton.edu/en/persons/thomas-william-hare,Comparative Literature
Elizabeth Harman,Philosophy,https://collaborate.princeton.edu/en/persons/elizabeth-harman,Philosophy
M. Zahid Hasan,"Physics, Keller Center for Innovation in Engineering Education, Princeton Materials Institute",https://collaborate.princeton.edu/en/persons/m-zahid-hasan,"Physics, Keller Center Innovation in Engineering Education, Princeton Materials Institute"
Uri Hasson,"Psychology, Princeton Neuroscience Institute",https://collaborate.princeton.edu/en/persons/uri-hasson,"Psychology, Princeton Neuroscience Institute"
Kelsey Bridget Hatzell,Mechanical & Aerospace Engineering,https://collaborate.princeton.edu/en/persons/kelsey-bridget-hatzell,Mechanical Aerospace Engineering
Johannes Haubold,Classics,https://collaborate.princeton.edu/en/persons/johannes-haubold,Classics
Bernard A. Haykel,Near Eastern Studies,https://collaborate.princeton.edu/en/persons/bernard-a-haykel,Near Eastern Studies
Elad Hazan,"Computer Science, Center for Statistics & Machine Learning",https://collaborate.princeton.edu/en/persons/elad-hazan,"Computer Science, Center Statistics Machine Learning"
Lili He,Mathematics,https://collaborate.princeton.edu/en/persons/lili-he,Mathematics
Michael H. Hecht,"Chemistry, Molecular Biology",https://collaborate.princeton.edu/en/persons/michael-h-hecht,"Chemistry, Molecular Biology"
Lars O. Hedin,"Ecology & Evolutionary Biology, Civil & Environmental Engineering, High Meadows Environmental Institute",https://collaborate.princeton.edu/en/persons/lars-o-hedin,"Ecology Evolutionary Biology, Civil Environmental Engineering, High Meadows Environmental Institute"
Felix Heide,Computer Science,https://collaborate.princeton.edu/en/persons/felix-heide,Computer Science
Shahram Hejazi,Keller Center for Innovation in Engineering Education,https://collaborate.princeton.edu/en/persons/shahram-hejazi,Keller Center Innovation in Engineering Education
Isaac M. Held,Atmospheric & Oceanic Sciences,https://collaborate.princeton.edu/en/persons/isaac-m-held,Atmospheric Oceanic Sciences
Wendy Heller,Music,https://collaborate.princeton.edu/en/persons/wendy-heller,Music
Daniel Heller-Roazen,Comparative Literature,https://collaborate.princeton.edu/en/persons/daniel-heller-roazen,Comparative Literature
Grace Elizabeth Helton,Philosophy,https://collaborate.princeton.edu/en/persons/grace-elizabeth-helton,Philosophy
Aleksandar Hemon,Lewis Center for the Arts,https://collaborate.princeton.edu/en/persons/aleksandar-hemon,Lewis Center Arts
Peter Henderson,Computer Science,https://collaborate.princeton.edu/en/persons/peter-henderson,Computer Science
Arun Hendi,Princeton School of Public and International Affairs,https://collaborate.princeton.edu/en/persons/arun-hendi,Princeton School of Public and International Affairs
Brian Eugenio Herrera,Lewis Center for the Arts,https://collaborate.princeton.edu/en/persons/brian-eugenio-herrera,Lewis Center Arts
John Andrew Higgins,"Geosciences, High Meadows Environmental Institute",https://collaborate.princeton.edu/en/persons/john-andrew-higgins,"Geosciences, High Meadows Environmental Institute"
Kate Ho,Economics,https://collaborate.princeton.edu/en/persons/kate-ho,Economics
Desmond P. Hogan,Philosophy,https://collaborate.princeton.edu/en/persons/desmond-p-hogan,Philosophy
Brooke A. Holmes,Classics,https://collaborate.princeton.edu/en/persons/brooke-a-holmes,Classics
Samuel Holzman,Art and Archaeology,https://collaborate.princeton.edu/en/persons/samuel-holzman,Art and Archaeology
Bo E. Honore,"Economics, Center for Statistics & Machine Learning",https://collaborate.princeton.edu/en/persons/bo-e-honore,"Economics, Center Statistics Machine Learning"
Andrew Addison Houck,"Electrical and Computer Engineering, Keller Center for Innovation in Engineering Education, Princeton Center for Theoretical Science, Princeton Materials Institute",https://collaborate.princeton.edu/en/persons/andrew-addison-houck,"Electrical and Computer Engineering, Keller Center Innovation in Engineering Education, Princeton Center Theoretical Science, Princeton Materials Institute"
Tatiana Katarzyna Howard,Mathematics,https://collaborate.princeton.edu/en/persons/tatiana-katarzyna-howard,Mathematics
Allan Hsiao,Princeton School of Public and International Affairs,https://collaborate.princeton.edu/en/persons/allan-hsiao,Princeton School of Public and International Affairs
Daisy Yan Huang,Center for Statistics & Machine Learning,https://collaborate.princeton.edu/en/persons/daisy-yan-huang,Center Statistics Machine Learning
Emma Hubert,Operations Research & Financial Engineering,https://collaborate.princeton.edu/en/persons/emma-hubert,Operations Research Financial Engineering
Monica Huerta,English,https://collaborate.princeton.edu/en/persons/monica-huerta,English
Frederick McLaury Hughson,"Molecular Biology, Chemistry",https://collaborate.princeton.edu/en/persons/frederick-mclaury-hughson,"Molecular Biology, Chemistry"
June E Huh,Mathematics,https://collaborate.princeton.edu/en/persons/june-e-huh,Mathematics
Marcus Nils Hultmark,"Mechanical & Aerospace Engineering, Civil & Environmental Engineering, High Meadows Environmental Institute, Princeton Materials Institute",https://collaborate.princeton.edu/en/persons/marcus-nils-hultmark,"Mechanical Aerospace Engineering, Civil Environmental Engineering, High Meadows Environmental Institute, Princeton Materials Institute"
Tera W. Hunter,History,https://collaborate.princeton.edu/en/persons/tera-w-hunter,History
David A. Huse,"Physics, Princeton Materials Institute",https://collaborate.princeton.edu/en/persons/david-a-huse,"Physics, Princeton Materials Institute"
Todd Kurt Hyster,Chemistry,https://collaborate.princeton.edu/en/persons/todd-kurt-hyster,Chemistry
Matias Iaryczower,Politics,https://collaborate.princeton.edu/en/persons/matias-iaryczower,Politics
Caio Ibsen Rodrigues de Almeida,Economics,https://collaborate.princeton.edu/en/persons/caio-ibsen-rodrigues-de-almeida,Economics
G. John Ikenberry,Princeton School of Public and International Affairs,https://collaborate.princeton.edu/en/persons/g-john-ikenberry,Princeton School of Public and International Affairs
Alexandru D. Ionescu,Mathematics,https://collaborate.princeton.edu/en/persons/alexandru-d-ionescu,Mathematics
Razia Iqbal,Princeton School of Public and International Affairs,https://collaborate.princeton.edu/en/persons/razia-iqbal,Princeton School of Public and International Affairs
Alison Ellen Isenberg,History,https://collaborate.princeton.edu/en/persons/alison-ellen-isenberg,History
William M. Jacobs,Chemistry,https://collaborate.princeton.edu/en/persons/william-m-jacobs,Chemistry
Gregory B. Jaczko,Princeton School of Public and International Affairs,https://collaborate.princeton.edu/en/persons/gregory-b-jaczko,Princeton School of Public and International Affairs
Peter R. Jaffe,"Civil & Environmental Engineering, Andlinger Center for Energy & the Environment, High Meadows Environmental Institute, Princeton Materials Institute",https://collaborate.princeton.edu/en/persons/peter-r-jaffe,"Civil Environmental Engineering, Andlinger Center Energy Environment, High Meadows Environmental Institute, Princeton Materials Institute"
Harold James,History,https://collaborate.princeton.edu/en/persons/harold-james,History
Kyle Andrew Jamieson,Computer Science,https://collaborate.princeton.edu/en/persons/kyle-andrew-jamieson,Computer Science
Seema Jayachandran,Princeton School of Public and International Affairs,https://collaborate.princeton.edu/en/persons/seema-jayachandran,Princeton School of Public and International Affairs
Jesse D. Jenkins,"Mechanical & Aerospace Engineering, Andlinger Center for Energy & the Environment",https://collaborate.princeton.edu/en/persons/jesse-d-jenkins,"Mechanical Aerospace Engineering, Andlinger Center Energy Environment"
Jennifer L. Jennings,Princeton School of Public and International Affairs,https://collaborate.princeton.edu/en/persons/jennifer-l-jennings,Princeton School of Public and International Affairs
Niraj Kumar Jha,Electrical and Computer Engineering,https://collaborate.princeton.edu/en/persons/niraj-kumar-jha,Electrical and Computer Engineering
Hantao Ji,Astrophysical Sciences,https://collaborate.princeton.edu/en/persons/hantao-ji,Astrophysical Sciences
John Jimah,Molecular Biology,https://collaborate.princeton.edu/en/persons/john-jimah,Molecular Biology
Chi Jin,Electrical and Computer Engineering,https://collaborate.princeton.edu/en/persons/chi-jin,Electrical and Computer Engineering
Nathalie Joachim,Music,https://collaborate.princeton.edu/en/persons/nathalie-joachim,Music
Claudia L. Johnson,English,https://collaborate.princeton.edu/en/persons/claudia-l-johnson,English
Mark Johnston,Philosophy,https://collaborate.princeton.edu/en/persons/mark-johnston,Philosophy
Matthew Laurence Jones,History,https://collaborate.princeton.edu/en/persons/matthew-laurence-jones,History
William Claude Jones,Physics,https://collaborate.princeton.edu/en/persons/william-claude-jones,Physics
Martin C. Jonikas,Molecular Biology,https://collaborate.princeton.edu/en/persons/martin-c-jonikas,Molecular Biology
William Chester Jordan,History,https://collaborate.princeton.edu/en/persons/william-chester-jordan,History
Jerelle Aurelia Joseph,Chemical & Biological Engineering,https://collaborate.princeton.edu/en/persons/jerelle-aurelia-joseph,Chemical Biological Engineering
Yiguang Ju,"Mechanical & Aerospace Engineering, High Meadows Environmental Institute",https://collaborate.princeton.edu/en/persons/yiguang-ju,"Mechanical Aerospace Engineering, High Meadows Environmental Institute"
Gleason Judd,Politics,https://collaborate.princeton.edu/en/persons/gleason-judd,Politics
Justin Anthony Junge,Psychology,https://collaborate.princeton.edu/en/persons/justin-anthony-junge,Psychology
Antoine Kahn,"Electrical and Computer Engineering, Princeton Institute for Computational Science and Engineering, Princeton Materials Institute, School of Engineering & Applied Science",https://collaborate.princeton.edu/en/persons/antoine-kahn,"Electrical and Computer Engineering, Princeton Institute Computational Science and Engineering, Princeton Materials Institute, School of Engineering Applied Science"
Laura Kalin,Council of the Humanities,https://collaborate.princeton.edu/en/persons/laura-kalin,Council of Humanities
Ilya Kaminsky,Lewis Center for the Arts,https://collaborate.princeton.edu/en/persons/ilya-kaminsky,Lewis Center Arts
Yibin Kang,"Molecular Biology, Princeton Branch of the Ludwig Institute for Cancer Research",https://collaborate.princeton.edu/en/persons/yibin-kang,"Molecular Biology, Princeton Branch of Ludwig Institute Cancer Research"
Alan Kaplan,Computer Science,https://collaborate.princeton.edu/en/persons/alan-kaplan,Computer Science
Adam Kapor,Princeton School of Public and International Affairs,https://collaborate.princeton.edu/en/persons/adam-kapor,Princeton School of Public and International Affairs
Matthew Jason Karp,History,https://collaborate.princeton.edu/en/persons/matthew-jason-karp,History
John Kastellec,Politics,https://collaborate.princeton.edu/en/persons/john-kastellec,Politics
Jakub Kastl,"Economics, Bendheim Center for Finance",https://collaborate.princeton.edu/en/persons/jakub-kastl,"Economics, Bendheim Center Finance"
Sabine Kastner,"Psychology, Princeton Neuroscience Institute",https://collaborate.princeton.edu/en/persons/sabine-kastner,"Psychology, Princeton Neuroscience Institute"
Nicholas Michael Katz,Mathematics,https://collaborate.princeton.edu/en/persons/nicholas-michael-katz,Mathematics
Stanley Nider Katz,Princeton School of Public and International Affairs,https://collaborate.princeton.edu/en/persons/stanley-nider-katz,Princeton School of Public and International Affairs
Thomas DaCosta Kaufmann,Art and Archaeology,https://collaborate.princeton.edu/en/persons/thomas-dacosta-kaufmann,Art and Archaeology
Casey Lynn Kelleher,Mathematics,https://collaborate.princeton.edu/en/persons/casey-lynn-kelleher,Mathematics
Michael T. Kelly,Chemistry,https://collaborate.princeton.edu/en/persons/michael-t-kelly,Chemistry
Peter Kelly,Classics,https://collaborate.princeton.edu/en/persons/peter-kelly,Classics
Thomas P. Kelly,Philosophy,https://collaborate.princeton.edu/en/persons/thomas-p-kelly,Philosophy
Martin Kern,East Asian Studies,https://collaborate.princeton.edu/en/persons/martin-kern,East Asian Studies
Brian W. Kernighan,"Computer Science, Center for Information Technology Policy",https://collaborate.princeton.edu/en/persons/brian-w-kernighan,"Computer Science, Center Information Technology Policy"
Anna Arabindan Kesson,Art and Archaeology,https://collaborate.princeton.edu/en/persons/anna-arabindan-kesson,Art and Archaeology
Paize Keulemans,East Asian Studies,https://collaborate.princeton.edu/en/persons/paize-keulemans,East Asian Studies
Shamus Rahman Khan,Sociology,https://collaborate.princeton.edu/en/persons/shamus-rahman-khan,Sociology
Zachary Kincaid,Computer Science,https://collaborate.princeton.edu/en/persons/zachary-kincaid,Computer Science
Ryan Scott Kingsbury,Civil & Environmental Engineering,https://collaborate.princeton.edu/en/persons/ryan-scott-kingsbury,Civil Environmental Engineering
Patricia A. Kirkland,Princeton School of Public and International Affairs,https://collaborate.princeton.edu/en/persons/patricia-a-kirkland,Princeton School of Public and International Affairs
Beatrice Ellen Kitzinger,Art and Archaeology,https://collaborate.princeton.edu/en/persons/beatrice-ellen-kitzinger,Art and Archaeology
Nobuhiro Kiyotaki,"Economics, Bendheim Center for Finance",https://collaborate.princeton.edu/en/persons/nobuhiro-kiyotaki,"Economics, Bendheim Center Finance"
Sergiu Klainerman,Mathematics,https://collaborate.princeton.edu/en/persons/sergiu-klainerman,Mathematics
Igor R. Klebanov,"Physics, Princeton Center for Theoretical Science",https://collaborate.princeton.edu/en/persons/igor-r-klebanov,"Physics, Princeton Center Theoretical Science"
Ralph Elliot Kleiner,"Chemistry, Molecular Biology",https://collaborate.princeton.edu/en/persons/ralph-elliot-kleiner,"Chemistry, Molecular Biology"
Henrik Jacobsen Kleven,Princeton School of Public and International Affairs,https://collaborate.princeton.edu/en/persons/henrik-jacobsen-kleven,Princeton School of Public and International Affairs
Jason Matthew Klusowski,Operations Research & Financial Engineering,https://collaborate.princeton.edu/en/persons/jason-matthew-klusowski,Operations Research Financial Engineering
Boris C. Kment,Philosophy,https://collaborate.princeton.edu/en/persons/boris-c-kment,Philosophy
Robert Randolph Knowles,"Chemistry, Keller Center for Innovation in Engineering Education",https://collaborate.princeton.edu/en/persons/robert-randolph-knowles,"Chemistry, Keller Center Innovation in Engineering Education"
Sarah D. Kocher,Ecology & Evolutionary Biology,https://collaborate.princeton.edu/en/persons/sarah-d-kocher,Ecology Evolutionary Biology
Bruce E. Koel,"Chemical & Biological Engineering, Chemistry, High Meadows Environmental Institute, Mechanical & Aerospace Engineering, Princeton Materials Institute",https://collaborate.princeton.edu/en/persons/bruce-e-koel,"Chemical Biological Engineering, Chemistry, High Meadows Environmental Institute, Mechanical Aerospace Engineering, Princeton Materials Institute"
Atul Kohli,Princeton School of Public and International Affairs,https://collaborate.princeton.edu/en/persons/atul-kohli,Princeton School of Public and International Affairs
Gillat Kol,Computer Science,https://collaborate.princeton.edu/en/persons/gillat-kol,Computer Science
Egemen Kolemen,"Mechanical & Aerospace Engineering, Andlinger Center for Energy & the Environment",https://collaborate.princeton.edu/en/persons/egemen-kolemen,"Mechanical Aerospace Engineering, Andlinger Center Energy Environment"
Michal Kolesar,Economics,https://collaborate.princeton.edu/en/persons/michal-kolesar,Economics
Janos Kollar,Mathematics,https://collaborate.princeton.edu/en/persons/janos-kollar,Mathematics
Michael Koortbojian,Art and Archaeology,https://collaborate.princeton.edu/en/persons/michael-koortbojian,Art and Archaeology
Yedidah Koren,Religion,https://collaborate.princeton.edu/en/persons/yedidah-koren,Religion
Alexei V. Korennykh,Molecular Biology,https://collaborate.princeton.edu/en/persons/alexei-v-korennykh,Molecular Biology
Alain Lucien Kornhauser,Operations Research & Financial Engineering,https://collaborate.princeton.edu/en/persons/alain-lucien-kornhauser,Operations Research Financial Engineering
Aleksandra Korolova,Princeton School of Public and International Affairs,https://collaborate.princeton.edu/en/persons/aleksandra-korolova,Princeton School of Public and International Affairs
Andrej Kosmrlj,"Mechanical & Aerospace Engineering, Princeton Materials Institute",https://collaborate.princeton.edu/en/persons/andrej-kosmrlj,"Mechanical Aerospace Engineering, Princeton Materials Institute"
Pravesh Kumar Kothari,Computer Science,https://collaborate.princeton.edu/en/persons/pravesh-kumar-kothari,Computer Science
Joshua Isaac Kotin,English,https://collaborate.princeton.edu/en/persons/joshua-isaac-kotin,English
Mirjam Engert Kotwick,Classics,https://collaborate.princeton.edu/en/persons/mirjam-engert-kotwick,Classics
Dmitry Krachun,Mathematics,https://collaborate.princeton.edu/en/persons/dmitry-krachun,Mathematics
Eve Krakowski,Near Eastern Studies,https://collaborate.princeton.edu/en/persons/eve-krakowski,Near Eastern Studies
Emmanuel H. P. M. Kreike,History,https://collaborate.princeton.edu/en/persons/emmanuel-h-p-m-kreike,History
Fenna Krienen,Princeton Neuroscience Institute,https://collaborate.princeton.edu/en/persons/fenna-krienen,Princeton Neuroscience Institute
Kevin Michael Kruse,History,https://collaborate.princeton.edu/en/persons/kevin-michael-kruse,History
Christopher Brian Kuenne,Keller Center for Innovation in Engineering Education,https://collaborate.princeton.edu/en/persons/christopher-brian-kuenne,Keller Center Innovation in Engineering Education
Sanjeev Ramesh Kulkarni,"Electrical and Computer Engineering, Operations Research & Financial Engineering, Center for Information Technology Policy",https://collaborate.princeton.edu/en/persons/sanjeev-ramesh-kulkarni,"Electrical and Computer Engineering, Operations Research Financial Engineering, Center Information Technology Policy"
Sun-Yuan Kung,"Electrical and Computer Engineering, Center for Statistics & Machine Learning",https://collaborate.princeton.edu/en/persons/sun-yuan-kung,"Electrical and Computer Engineering, Center Statistics Machine Learning"
Alice Kunin,Chemistry,https://collaborate.princeton.edu/en/persons/alice-kunin,Chemistry
Matthew Walter Kunz,"Astrophysical Sciences, Princeton Institute for Computational Science and Engineering",https://collaborate.princeton.edu/en/persons/matthew-walter-kunz,"Astrophysical Sciences, Princeton Institute Computational Science and Engineering"
Daniel C. Kurtzer,Princeton School of Public and International Affairs,https://collaborate.princeton.edu/en/persons/daniel-c-kurtzer,Princeton School of Public and International Affairs
Ilyana Kuziemko,Economics,https://collaborate.princeton.edu/en/persons/ilyana-kuziemko,Economics
German Labrador Mendez,Spanish & Portuguese,https://collaborate.princeton.edu/en/persons/german-labrador-mendez,Spanish Portuguese
Michael F. Laffan,History,https://collaborate.princeton.edu/en/persons/michael-f-laffan,History
Joel Benjamin Lande,German,https://collaborate.princeton.edu/en/persons/joel-benjamin-lande,German
Melissa Lane,Politics,https://collaborate.princeton.edu/en/persons/melissa-lane,Politics
David Lange,Physics,https://collaborate.princeton.edu/en/persons/david-lange,Physics
Eric David Larson,Chemical & Biological Engineering,https://collaborate.princeton.edu/en/persons/eric-david-larson,Chemical Biological Engineering
Satyel Larson,Near Eastern Studies,https://collaborate.princeton.edu/en/persons/satyel-larson,Near Eastern Studies
Ngar-Cheung Lau,Atmospheric & Oceanic Sciences,https://collaborate.princeton.edu/en/persons/ngar-cheung-lau,Atmospheric Oceanic Sciences
Chung King Law,"Mechanical & Aerospace Engineering, High Meadows Environmental Institute, Princeton Materials Institute",https://collaborate.princeton.edu/en/persons/chung-king-law,"Mechanical Aerospace Engineering, High Meadows Environmental Institute, Princeton Materials Institute"
Deana Lawson,Lewis Center for the Arts,https://collaborate.princeton.edu/en/persons/deana-lawson,Lewis Center Arts
Christina H. Lee,Spanish & Portuguese,https://collaborate.princeton.edu/en/persons/christina-h-lee,Spanish Portuguese
David S. Lee,"Princeton School of Public and International Affairs, Economics",https://collaborate.princeton.edu/en/persons/david-s-lee-2,"Princeton School of Public and International Affairs, Economics"
Frances Elida Lee,Princeton School of Public and International Affairs,https://collaborate.princeton.edu/en/persons/frances-elida-lee,Princeton School of Public and International Affairs
Jason Dean Lee,"Electrical and Computer Engineering, Center for Statistics & Machine Learning",https://collaborate.princeton.edu/en/persons/jason-dean-lee,"Electrical and Computer Engineering, Center Statistics Machine Learning"
Andrew Michael Leifer,Physics,https://collaborate.princeton.edu/en/persons/andrew-michael-leifer,Physics
